Ticker,Name,Currency,Exchange,Industry,Environment_grade,Environment_level,Social_grade,Social_level,Governance_grade,Governance_level,Environment_score,Social_score,Governance_score,Total_score,Total_grade,Total_level
dis,Walt Disney Co,USD,"NEW YORK STOCK EXCHANGE, INC.",Media,A,High,BB,Medium,BB,Medium,510,316,321,1147,BBB,High
gm,General Motors Co,USD,"NEW YORK STOCK EXCHANGE, INC.",Automobiles,A,High,BB,Medium,B,Medium,510,303,255,1068,BBB,High
gww,WW Grainger Inc,USD,"NEW YORK STOCK EXCHANGE, INC.",Trading Companies and Distributors,B,Medium,BB,Medium,B,Medium,255,385,240,880,BB,Medium
mhk,Mohawk Industries Inc,USD,"NEW YORK STOCK EXCHANGE, INC.",Consumer products,A,High,B,Medium,BB,Medium,570,298,303,1171,BBB,High
lyv,Live Nation Entertainment Inc,USD,"NEW YORK STOCK EXCHANGE, INC.",Media,BBB,High,BB,Medium,B,Medium,492,310,250,1052,BBB,High
lvs,Las Vegas Sands Corp,USD,"NEW YORK STOCK EXCHANGE, INC.",Hotels Restaurants and Leisure,A,High,BB,Medium,BB,Medium,547,318,313,1178,BBB,High
clx,Clorox Co,USD,"NEW YORK STOCK EXCHANGE, INC.",Consumer products,A,High,BB,Medium,BB,Medium,560,350,345,1255,A,High
aacg,ATA Creativity Global,CNY,NASDAQ NMS - GLOBAL MARKET,Diversified Consumer Services,B,Medium,B,Medium,B,Medium,203,200,205,608,B,Medium
aal,American Airlines Group Inc,USD,NASDAQ NMS - GLOBAL MARKET,Airlines,B,Medium,B,Medium,B,Medium,270,211,265,746,B,Medium
aame,Atlantic American Corp,USD,NASDAQ NMS - GLOBAL MARKET,Insurance,B,Medium,B,Medium,BB,Medium,220,221,300,741,B,Medium
aaoi,Applied Optoelectronics Inc,USD,NASDAQ NMS - GLOBAL MARKET,Communications,BB,Medium,B,Medium,B,Medium,311,256,218,785,BB,Medium
aaon,Aaon Inc,USD,NASDAQ NMS - GLOBAL MARKET,Building,A,High,BB,Medium,B,Medium,500,300,223,1023,BBB,High
aapl,Apple Inc,USD,NASDAQ NMS - GLOBAL MARKET,Technology,BB,Medium,B,Medium,B,Medium,355,281,255,891,BB,Medium
aatc,Autoscope Technologies Corp,USD,NASDAQ NMS - GLOBAL MARKET,Electrical Equipment,BBB,High,B,Medium,B,Medium,410,286,240,936,BBB,High
aaww,Atlas Air Worldwide Holdings Inc,USD,NASDAQ NMS - GLOBAL MARKET,Logistics and Transportation,A,High,B,Medium,B,Medium,520,243,237,1000,BBB,High
aaci,Armada Acquisition Corp I,USD,NASDAQ NMS - GLOBAL MARKET,Financial Services,B,Medium,B,Medium,B,Medium,205,200,200,605,B,Medium
aadi,Aadi Bioscience Inc,USD,NASDAQ NMS - GLOBAL MARKET,Biotechnology,B,Medium,B,Medium,B,Medium,200,201,203,604,B,Medium
abeo,Abeona Therapeutics Inc,USD,NASDAQ NMS - GLOBAL MARKET,Biotechnology,B,Medium,BB,Medium,BB,Medium,205,306,310,821,BB,Medium
abnb,Airbnb Inc,USD,NASDAQ NMS - GLOBAL MARKET,Hotels Restaurants and Leisure,A,High,A,High,BBB,High,505,570,400,1475,A,High
abio,ARCA Biopharma Inc,USD,NASDAQ NMS - GLOBAL MARKET,Biotechnology,B,Medium,B,Medium,B,Medium,200,222,290,712,B,Medium
abmd,ABIOMED Inc,USD,NASDAQ NMS - GLOBAL MARKET,Health Care,A,High,BB,Medium,BB,Medium,500,324,305,1129,BBB,High
abos,Acumen Pharmaceuticals Inc,USD,NASDAQ NMS - GLOBAL MARKET,Biotechnology,B,Medium,B,Medium,B,Medium,205,201,200,606,B,Medium
absi,Absci Corp,USD,NASDAQ NMS - GLOBAL MARKET,Life Sciences Tools and Services,B,Medium,B,Medium,B,Medium,205,224,230,659,B,Medium
abtx,Allegiance Bancshares Inc,USD,NASDAQ NMS - GLOBAL MARKET,Banking,B,Medium,BB,Medium,BB,Medium,298,300,300,898,BB,Medium
abus,Arbutus Biopharma Corp,USD,NASDAQ NMS - GLOBAL MARKET,Biotechnology,B,Medium,B,Medium,BB,Medium,203,204,338,745,B,Medium
abvc,ABVC Biopharma Inc,USD,NASDAQ NMS - GLOBAL MARKET,Biotechnology,B,Medium,B,Medium,B,Medium,220,212,205,637,B,Medium
acad,ACADIA Pharmaceuticals Inc,USD,NASDAQ NMS - GLOBAL MARKET,Biotechnology,B,Medium,B,Medium,BB,Medium,230,230,305,765,BB,Medium
acac,Acri Capital Acquisition Corp,USD,NASDAQ NMS - GLOBAL MARKET,Financial Services,B,Medium,B,Medium,BB,Medium,200,205,300,705,B,Medium
accd,Accolade Inc,USD,NASDAQ NMS - GLOBAL MARKET,Health Care,B,Medium,B,Medium,B,Medium,255,254,235,744,B,Medium
acet,Adicet Bio Inc,USD,NASDAQ NMS - GLOBAL MARKET,Biotechnology,B,Medium,B,Medium,BB,Medium,215,211,305,731,B,Medium
abcl,Abcellera Biologics Inc,USD,NASDAQ NMS - GLOBAL MARKET,Life Sciences Tools and Services,A,High,BB,Medium,BB,Medium,540,354,345,1239,A,High
abcb,Ameris Bancorp,USD,NASDAQ NMS - GLOBAL MARKET,Banking,B,Medium,BB,Medium,B,Medium,290,300,250,840,BB,Medium
acev,ACE Convergence Acquisition Corp,USD,NASDAQ NMS - GLOBAL MARKET,Financial Services,B,Medium,B,Medium,B,Medium,225,211,215,651,B,Medium
achl,Achilles Therapeutics PLC,USD,NASDAQ NMS - GLOBAL MARKET,Biotechnology,B,Medium,B,Medium,B,Medium,230,288,285,803,BB,Medium
achc,Acadia Healthcare Company Inc,USD,NASDAQ NMS - GLOBAL MARKET,Health Care,BB,Medium,B,Medium,B,Medium,330,231,220,781,BB,Medium
aciw,ACI Worldwide Inc,USD,NASDAQ NMS - GLOBAL MARKET,Technology,A,High,BB,Medium,BB,Medium,500,327,300,1127,BBB,High
acls,Axcelis Technologies Inc,USD,NASDAQ NMS - GLOBAL MARKET,Semiconductors,A,High,BB,Medium,B,Medium,515,306,260,1081,BBB,High
aciu,AC Immune SA,CHF,NASDAQ NMS - GLOBAL MARKET,Biotechnology,B,Medium,B,Medium,BB,Medium,250,296,305,851,BB,Medium
achv,Achieve Life Sciences Inc,USD,NASDAQ NMS - GLOBAL MARKET,Biotechnology,B,Medium,B,Medium,BB,Medium,215,222,305,742,B,Medium
acmr,ACM Research Inc,USD,NASDAQ NMS - GLOBAL MARKET,Semiconductors,BBB,High,B,Medium,BB,Medium,410,232,325,967,BBB,High
acor,Acorda Therapeutics Inc,USD,NASDAQ NMS - GLOBAL MARKET,Biotechnology,B,Medium,BB,Medium,BB,Medium,230,307,310,847,BB,Medium
acnb,ACNB Corp,USD,NASDAQ NMS - GLOBAL MARKET,Banking,B,Medium,B,Medium,B,Medium,220,219,215,654,B,Medium
acrs,Aclaris Therapeutics Inc,USD,NASDAQ NMS - GLOBAL MARKET,Pharmaceuticals,B,Medium,B,Medium,B,Medium,230,207,220,657,B,Medium
acrx,AcelRx Pharmaceuticals Inc,USD,NASDAQ NMS - GLOBAL MARKET,Pharmaceuticals,B,Medium,B,Medium,BB,Medium,200,237,300,737,B,Medium
act,Enact Holdings Inc,USD,NASDAQ NMS - GLOBAL MARKET,Financial Services,A,High,BB,Medium,BB,Medium,540,328,315,1183,BBB,High
actg,Acacia Research Corp,USD,NASDAQ NMS - GLOBAL MARKET,Financial Services,B,Medium,B,Medium,B,Medium,200,200,275,675,B,Medium
acva,ACV Auctions Inc,USD,NASDAQ NMS - GLOBAL MARKET,Commercial Services and Supplies,B,Medium,B,Medium,BB,Medium,235,262,315,812,BB,Medium
adag,Adagene Inc,USD,NASDAQ NMS - GLOBAL MARKET,Biotechnology,B,Medium,BB,Medium,BB,Medium,295,301,305,901,BBB,High
acxp,Acurx Pharmaceuticals Inc,USD,NASDAQ NMS - GLOBAL MARKET,Biotechnology,B,Medium,BB,Medium,BB,Medium,235,301,305,841,BB,Medium
adbe,Adobe Inc,USD,NASDAQ NMS - GLOBAL MARKET,Technology,B,Medium,B,Medium,B,Medium,200,221,200,621,B,Medium
adap,Adaptimmune Therapeutics PLC,USD,NASDAQ NMS - GLOBAL MARKET,Biotechnology,BB,Medium,B,Medium,BB,Medium,365,283,305,953,BBB,High
adma,ADMA Biologics Inc,USD,NASDAQ NMS - GLOBAL MARKET,Biotechnology,B,Medium,B,Medium,BB,Medium,240,264,320,824,BB,Medium
ades,Advanced Emissions Solutions Inc,USD,NASDAQ NMS - GLOBAL MARKET,Chemicals,B,Medium,B,Medium,BB,Medium,205,201,300,706,B,Medium
adi,Analog Devices Inc,USD,NASDAQ NMS - GLOBAL MARKET,Semiconductors,BB,Medium,BB,Medium,BB,Medium,350,318,300,968,BBB,High
adil,Adial Pharmaceuticals Inc,USD,NASDAQ NMS - GLOBAL MARKET,Pharmaceuticals,B,Medium,B,Medium,BB,Medium,200,203,300,703,B,Medium
admp,Adamis Pharmaceuticals Corp,USD,NASDAQ NMS - GLOBAL MARKET,Pharmaceuticals,B,Medium,B,Medium,B,Medium,285,204,215,704,B,Medium
acer,Acer Therapeutics Inc,USD,NASDAQ NMS - GLOBAL MARKET,Pharmaceuticals,B,Medium,B,Medium,BB,Medium,223,291,310,824,BB,Medium
adoc,Edoc Acquisition Corp,USD,NASDAQ NMS - GLOBAL MARKET,Financial Services,B,Medium,BB,Medium,BB,Medium,215,301,300,816,BB,Medium
adus,Addus Homecare Corp,USD,NASDAQ NMS - GLOBAL MARKET,Health Care,B,Medium,B,Medium,B,Medium,210,215,218,643,B,Medium
acgl,Arch Capital Group Ltd,USD,NASDAQ NMS - GLOBAL MARKET,Insurance,A,High,BB,Medium,BB,Medium,500,300,300,1100,BBB,High
adpt,Adaptive Biotechnologies Corp,USD,NASDAQ NMS - GLOBAL MARKET,Life Sciences Tools and Services,B,Medium,BB,Medium,B,Medium,260,348,260,868,BB,Medium
adsk,Autodesk Inc,USD,NASDAQ NMS - GLOBAL MARKET,Technology,A,High,BB,Medium,BB,Medium,555,304,310,1169,BBB,High
adp,Automatic Data Processing Inc,USD,NASDAQ NMS - GLOBAL MARKET,Technology,A,High,BB,Medium,B,Medium,500,300,200,1000,BBB,High
adtx,Aditxt Inc,USD,NASDAQ NMS - GLOBAL MARKET,Biotechnology,B,Medium,B,Medium,BB,Medium,210,224,305,739,B,Medium
adv,Advantage Solutions Inc,USD,NASDAQ NMS - GLOBAL MARKET,Media,A,High,B,Medium,BB,Medium,515,269,328,1112,BBB,High
advm,Adverum Biotechnologies Inc,USD,NASDAQ NMS - GLOBAL MARKET,Biotechnology,B,Medium,BB,Medium,B,Medium,262,321,235,818,BB,Medium
aehr,Aehr Test Systems,USD,NASDAQ NMS - GLOBAL MARKET,Semiconductors,B,Medium,B,Medium,BB,Medium,290,262,300,852,BB,Medium
aehl,Antelope Enterprise Holdings Ltd,CNY,NASDAQ NMS - GLOBAL MARKET,Building,B,Medium,B,Medium,BB,Medium,238,237,325,800,BB,Medium
aei,Alset Ehome International Inc,USD,NASDAQ NMS - GLOBAL MARKET,Real Estate,A,High,B,Medium,B,Medium,520,207,210,937,BBB,High
aeis,Advanced Energy Industries Inc,USD,NASDAQ NMS - GLOBAL MARKET,Electrical Equipment,A,High,BB,Medium,BB,Medium,500,300,300,1100,BBB,High
aep,American Electric Power Company Inc,USD,NASDAQ NMS - GLOBAL MARKET,Utilities,A,High,BB,Medium,BB,Medium,500,300,300,1100,BBB,High
aemd,Aethlon Medical Inc,USD,NASDAQ NMS - GLOBAL MARKET,Health Care,B,Medium,B,Medium,BB,Medium,200,262,315,777,BB,Medium
aese,Allied Esports Entertainment Inc,USD,NASDAQ NMS - GLOBAL MARKET,Hotels Restaurants and Leisure,B,Medium,B,Medium,B,Medium,200,200,200,600,B,Medium
aeye,AudioEye Inc,USD,NASDAQ NMS - GLOBAL MARKET,Technology,B,Medium,BB,Medium,BB,Medium,235,301,308,844,BB,Medium
aeri,Aerie Pharmaceuticals Inc,USD,NASDAQ NMS - GLOBAL MARKET,Pharmaceuticals,A,High,B,Medium,BB,Medium,500,264,310,1074,BBB,High
aey,ADDvantage Technologies Group Inc,USD,NASDAQ NMS - GLOBAL MARKET,Electrical Equipment,B,Medium,B,Medium,BB,Medium,235,234,300,769,BB,Medium
afaq,AF Acquisition Corp,USD,NASDAQ NMS - GLOBAL MARKET,Financial Services,B,Medium,B,Medium,B,Medium,200,200,200,600,B,Medium
afmd,Affimed NV,EUR,NASDAQ NMS - GLOBAL MARKET,Biotechnology,BB,Medium,BB,Medium,BB,Medium,368,304,310,982,BBB,High
afcg,AFC Gamma Inc,USD,NASDAQ NMS - GLOBAL MARKET,Real Estate,B,Medium,B,Medium,B,Medium,255,204,226,685,B,Medium
afbi,Affinity Bancshares Inc,USD,NASDAQ NMS - GLOBAL MARKET,Banking,B,Medium,B,Medium,B,Medium,200,207,200,607,B,Medium
afrm,Affirm Holdings Inc,USD,NASDAQ NMS - GLOBAL MARKET,Technology,B,Medium,BB,Medium,BB,Medium,225,335,335,895,BB,Medium
afib,Acutus Medical Inc,USD,NASDAQ NMS - GLOBAL MARKET,Health Care,B,Medium,B,Medium,B,Medium,205,211,235,651,B,Medium
agen,Agenus Inc,USD,NASDAQ NMS - GLOBAL MARKET,Biotechnology,B,Medium,B,Medium,BB,Medium,290,245,300,835,BB,Medium
afya,Afya Ltd,BRL,NASDAQ NMS - GLOBAL MARKET,Diversified Consumer Services,B,Medium,B,Medium,B,Medium,290,203,205,698,B,Medium
agfs,AgroFresh Solutions Inc,USD,NASDAQ NMS - GLOBAL MARKET,Chemicals,A,High,BB,Medium,B,Medium,500,301,275,1076,BBB,High
agfy,Agrify Corp,USD,NASDAQ NMS - GLOBAL MARKET,Machinery,A,High,BB,Medium,BB,Medium,540,361,305,1206,A,High
agil,AgileThought Inc,USD,NASDAQ NMS - GLOBAL MARKET,Technology,BB,Medium,B,Medium,BB,Medium,340,299,305,944,BBB,High
agmh,AGM Group Holdings Inc,USD,NASDAQ NMS - GLOBAL MARKET,Financial Services,B,Medium,B,Medium,B,Medium,205,204,210,619,B,Medium
agio,Agios Pharmaceuticals Inc,USD,NASDAQ NMS - GLOBAL MARKET,Biotechnology,A,High,BB,Medium,BB,Medium,520,303,325,1148,BBB,High
agle,Aeglea Bio Therapeutics Inc,USD,NASDAQ NMS - GLOBAL MARKET,Biotechnology,B,Medium,B,Medium,B,Medium,205,223,200,628,B,Medium
agnc,AGNC Investment Corp,USD,NASDAQ NMS - GLOBAL MARKET,Real Estate,BB,Medium,B,Medium,BB,Medium,382,242,305,929,BBB,High
agri,AgriFORCE Growing Systems Ltd,USD,NASDAQ NMS - GLOBAL MARKET,Food Products,A,High,B,Medium,BB,Medium,510,248,305,1063,BBB,High
agrx,Agile Therapeutics Inc,USD,NASDAQ NMS - GLOBAL MARKET,Pharmaceuticals,B,Medium,B,Medium,B,Medium,240,203,260,703,B,Medium
agys,Agilysys Inc,USD,NASDAQ NMS - GLOBAL MARKET,Technology,A,High,BB,Medium,BB,Medium,500,303,300,1103,BBB,High
agtc,Applied Genetic Technologies Corp,USD,NASDAQ NMS - GLOBAL MARKET,Biotechnology,B,Medium,BB,Medium,BB,Medium,235,323,305,863,BB,Medium
ahco,Adapthealth Corp,USD,NASDAQ NMS - GLOBAL MARKET,Health Care,B,Medium,B,Medium,B,Medium,210,211,235,656,B,Medium
ahpi,Allied Healthcare Products Inc,USD,NASDAQ NMS - GLOBAL MARKET,Health Care,B,Medium,B,Medium,BB,Medium,210,228,325,763,BB,Medium
aib,AIB Acquisition Corp,USD,NASDAQ NMS - GLOBAL MARKET,Financial Services,B,Medium,B,Medium,BB,Medium,215,227,300,742,B,Medium
adtn,ADTRAN Inc,USD,NASDAQ NMS - GLOBAL MARKET,Communications,A,High,BB,Medium,BB,Medium,510,308,300,1118,BBB,High
adn,Advent Technologies Holdings Inc,USD,NASDAQ NMS - GLOBAL MARKET,Electrical Equipment,B,Medium,B,Medium,B,Medium,250,203,220,673,B,Medium
aiki,Aikido Pharma Inc,USD,NASDAQ NMS - GLOBAL MARKET,Biotechnology,B,Medium,B,Medium,B,Medium,200,235,205,640,B,Medium
akic,Sports Ventures Acquisition Corp,USD,NASDAQ NMS - GLOBAL MARKET,Financial Services,B,Medium,B,Medium,B,Medium,200,205,230,635,B,Medium
aip,Arteris Inc,USD,NASDAQ NMS - GLOBAL MARKET,Technology,A,High,B,Medium,BB,Medium,500,286,300,1086,BBB,High
akro,Akero Therapeutics Inc,USD,NASDAQ NMS - GLOBAL MARKET,Biotechnology,B,Medium,B,Medium,BB,Medium,250,246,305,801,BB,Medium
airt,Air T Inc,USD,NASDAQ NMS - GLOBAL MARKET,Logistics and Transportation,B,Medium,B,Medium,BB,Medium,234,210,325,769,BB,Medium
aimc,Altra Industrial Motion Corp,USD,NASDAQ NMS - GLOBAL MARKET,Machinery,A,High,BB,Medium,BB,Medium,525,315,305,1145,BBB,High
akba,Akebia Therapeutics Inc,USD,NASDAQ NMS - GLOBAL MARKET,Biotechnology,B,Medium,B,Medium,B,Medium,200,218,215,633,B,Medium
airg,Airgain Inc,USD,NASDAQ NMS - GLOBAL MARKET,Electrical Equipment,A,High,BB,Medium,BB,Medium,500,300,330,1130,BBB,High
airs,Airsculpt Technologies Inc,USD,NASDAQ NMS - GLOBAL MARKET,Health Care,B,Medium,B,Medium,B,Medium,210,201,205,616,B,Medium
akam,Akamai Technologies Inc,USD,NASDAQ NMS - GLOBAL MARKET,Technology,A,High,BB,Medium,BB,Medium,515,341,305,1161,BBB,High
aku,Akumin Inc,USD,NASDAQ NMS - GLOBAL MARKET,Health Care,BBB,High,BB,Medium,BB,Medium,455,347,300,1102,BBB,High
akus,Akouos Inc,USD,NASDAQ NMS - GLOBAL MARKET,Biotechnology,B,Medium,B,Medium,B,Medium,205,221,295,721,B,Medium
akts,Akoustis Technologies Inc,USD,NASDAQ NMS - GLOBAL MARKET,Electrical Equipment,B,Medium,BB,Medium,BBB,High,222,302,428,952,BBB,High
aktx,Akari Therapeutics PLC,USD,NASDAQ NMS - GLOBAL MARKET,Pharmaceuticals,B,Medium,B,Medium,BB,Medium,225,216,305,746,B,Medium
albo,Albireo Pharma Inc,USD,NASDAQ NMS - GLOBAL MARKET,Biotechnology,A,High,BB,Medium,BB,Medium,500,300,310,1110,BBB,High
akya,Akoya Biosciences Inc,USD,NASDAQ NMS - GLOBAL MARKET,Life Sciences Tools and Services,A,High,BB,Medium,B,Medium,512,303,215,1030,BBB,High
alco,Alico Inc,USD,NASDAQ NMS - GLOBAL MARKET,Food Products,A,High,BB,Medium,BB,Medium,500,300,300,1100,BBB,High
aldx,Aldeyra Therapeutics Inc,USD,NASDAQ NMS - GLOBAL MARKET,Biotechnology,B,Medium,B,Medium,B,Medium,231,261,235,727,B,Medium
alec,Alector Inc,USD,NASDAQ NMS - GLOBAL MARKET,Biotechnology,B,Medium,B,Medium,BB,Medium,240,277,300,817,BB,Medium
algm,Allegro Microsystems Inc,USD,NASDAQ NMS - GLOBAL MARKET,Semiconductors,A,High,BB,Medium,B,Medium,542,314,250,1106,BBB,High
alf,Alfi Inc,USD,NASDAQ NMS - GLOBAL MARKET,Technology,B,Medium,B,Medium,BB,Medium,225,260,315,800,BB,Medium
algn,Align Technology Inc,USD,NASDAQ NMS - GLOBAL MARKET,Health Care,B,Medium,B,Medium,B,Medium,235,285,255,775,BB,Medium
algs,Aligos Therapeutics Inc,USD,NASDAQ NMS - GLOBAL MARKET,Biotechnology,B,Medium,B,Medium,B,Medium,210,222,235,667,B,Medium
alhc,Alignment Healthcare LLC,USD,NASDAQ NMS - GLOBAL MARKET,Financial Services,B,Medium,BB,Medium,B,Medium,210,302,256,768,BB,Medium
alks,Alkermes Plc,USD,NASDAQ NMS - GLOBAL MARKET,Biotechnology,BBB,High,BB,Medium,BB,Medium,415,302,333,1050,BBB,High
alim,Alimera Sciences Inc,USD,NASDAQ NMS - GLOBAL MARKET,Pharmaceuticals,B,Medium,B,Medium,B,Medium,220,228,243,691,B,Medium
algt,Allegiant Travel Co,USD,NASDAQ NMS - GLOBAL MARKET,Airlines,B,Medium,B,Medium,B,Medium,287,208,248,743,B,Medium
aih,Aesthetic Medical International Holdings Group Ltd,CNY,NASDAQ NMS - GLOBAL MARKET,Health Care,B,Medium,B,Medium,BB,Medium,220,250,300,770,BB,Medium
alkt,Alkami Technology Inc,USD,NASDAQ NMS - GLOBAL MARKET,Technology,B,Medium,BB,Medium,B,Medium,280,305,260,845,BB,Medium
alny,Alnylam Pharmaceuticals Inc,USD,NASDAQ NMS - GLOBAL MARKET,Biotechnology,BB,Medium,BB,Medium,BB,Medium,331,346,325,1002,BBB,High
allt,Allot Ltd,USD,NASDAQ NMS - GLOBAL MARKET,Technology,A,High,BB,Medium,BB,Medium,508,324,310,1142,BBB,High
allo,Allogene Therapeutics Inc,USD,NASDAQ NMS - GLOBAL MARKET,Biotechnology,A,High,BB,Medium,BB,Medium,535,324,305,1164,BBB,High
amat,Applied Materials Inc,USD,NASDAQ NMS - GLOBAL MARKET,Semiconductors,A,High,BB,Medium,BB,Medium,525,317,300,1142,BBB,High
amd,Advanced Micro Devices Inc,USD,NASDAQ NMS - GLOBAL MARKET,Semiconductors,B,Medium,B,Medium,B,Medium,200,208,200,608,B,Medium
atvi,Activision Blizzard Inc,USD,NASDAQ NMS - GLOBAL MARKET,Media,B,Medium,BB,Medium,BB,Medium,280,347,330,957,BBB,High
avgo,Broadcom Inc,USD,NASDAQ NMS - GLOBAL MARKET,Semiconductors,B,Medium,B,Medium,B,Medium,210,212,200,622,B,Medium
anss,ANSYS Inc,USD,NASDAQ NMS - GLOBAL MARKET,Technology,A,High,BB,Medium,B,Medium,580,337,285,1202,A,High
amzn,Amazon.com Inc,USD,NASDAQ NMS - GLOBAL MARKET,Retail,AA,Excellent,BB,Medium,BBB,High,668,305,460,1433,A,High
aihs,Senmiao Technology Ltd,USD,NASDAQ NMS - GLOBAL MARKET,Financial Services,B,Medium,B,Medium,B,Medium,220,203,200,623,B,Medium
apa,APA Corp (US),USD,NASDAQ NMS - GLOBAL MARKET,Energy,A,High,BB,Medium,BB,Medium,510,316,325,1151,BBB,High
biib,Biogen Inc,USD,NASDAQ NMS - GLOBAL MARKET,Biotechnology,BB,Medium,BB,Medium,BB,Medium,380,303,364,1047,BBB,High
bkng,Booking Holdings Inc,USD,NASDAQ NMS - GLOBAL MARKET,Hotels Restaurants and Leisure,A,High,BB,Medium,BB,Medium,558,306,310,1174,BBB,High
cdns,Cadence Design Systems Inc,USD,NASDAQ NMS - GLOBAL MARKET,Technology,A,High,BB,Medium,B,Medium,500,308,295,1103,BBB,High
cdw,CDW Corp,USD,NASDAQ NMS - GLOBAL MARKET,Electrical Equipment,B,Medium,B,Medium,B,Medium,225,209,200,634,B,Medium
chrw,CH Robinson Worldwide Inc,USD,NASDAQ NMS - GLOBAL MARKET,Logistics and Transportation,A,High,BB,Medium,BB,Medium,575,330,338,1243,A,High
cinf,Cincinnati Financial Corp,USD,NASDAQ NMS - GLOBAL MARKET,Insurance,B,Medium,B,Medium,B,Medium,235,275,250,760,BB,Medium
chtr,Charter Communications Inc,USD,NASDAQ NMS - GLOBAL MARKET,Media,A,High,BB,Medium,BB,Medium,500,300,300,1100,BBB,High
cmcsa,Comcast Corp,USD,NASDAQ NMS - GLOBAL MARKET,Media,A,High,BB,Medium,BB,Medium,507,343,315,1165,BBB,High
cprt,Copart Inc,USD,NASDAQ NMS - GLOBAL MARKET,Commercial Services and Supplies,B,Medium,B,Medium,B,Medium,270,204,205,679,B,Medium
cost,Costco Wholesale Corp,USD,NASDAQ NMS - GLOBAL MARKET,Retail,A,High,BB,Medium,B,Medium,537,306,225,1068,BBB,High
csx,CSX Corp,USD,NASDAQ NMS - GLOBAL MARKET,Road and Rail,A,High,BB,Medium,BB,Medium,510,310,325,1145,BBB,High
ctsh,Cognizant Technology Solutions Corp,USD,NASDAQ NMS - GLOBAL MARKET,Technology,AA,Excellent,BB,Medium,BB,Medium,605,365,300,1270,A,High
cme,CME Group Inc,USD,NASDAQ NMS - GLOBAL MARKET,Financial Services,BB,Medium,B,Medium,B,Medium,375,237,200,812,BB,Medium
csco,Cisco Systems Inc,USD,NASDAQ NMS - GLOBAL MARKET,Communications,B,Medium,B,Medium,B,Medium,280,234,220,734,B,Medium
ctas,Cintas Corp,USD,NASDAQ NMS - GLOBAL MARKET,Commercial Services and Supplies,A,High,BB,Medium,BB,Medium,500,300,300,1100,BBB,High
ctxs,Citrix Systems Inc,USD,NASDAQ NMS - GLOBAL MARKET,Technology,A,High,BB,Medium,BB,Medium,530,305,305,1140,BBB,High
czr,Caesars Entertainment Inc,USD,NASDAQ NMS - GLOBAL MARKET,Hotels Restaurants and Leisure,B,Medium,B,Medium,B,Medium,265,228,200,693,B,Medium
dish,DISH Network Corp,USD,NASDAQ NMS - GLOBAL MARKET,Media,B,Medium,B,Medium,B,Medium,210,263,205,678,B,Medium
dltr,Dollar Tree Inc,USD,NASDAQ NMS - GLOBAL MARKET,Retail,B,Medium,B,Medium,B,Medium,235,208,215,658,B,Medium
dxcm,Dexcom Inc,USD,NASDAQ NMS - GLOBAL MARKET,Health Care,B,Medium,B,Medium,B,Medium,215,236,215,666,B,Medium
ea,Electronic Arts Inc,USD,NASDAQ NMS - GLOBAL MARKET,Media,BB,Medium,BB,Medium,B,Medium,360,300,225,885,BB,Medium
lnt,Alliant Energy Corp,USD,NASDAQ NMS - GLOBAL MARKET,Utilities,A,High,BB,Medium,BB,Medium,519,307,300,1126,BBB,High
fang,Diamondback Energy Inc,USD,NASDAQ NMS - GLOBAL MARKET,Energy,A,High,B,Medium,BB,Medium,513,271,300,1084,BBB,High
ebay,eBay Inc,USD,NASDAQ NMS - GLOBAL MARKET,Retail,A,High,BB,Medium,BB,Medium,500,302,305,1107,BBB,High
lkq,LKQ Corp,USD,NASDAQ NMS - GLOBAL MARKET,Distributors,A,High,BB,Medium,BB,Medium,515,300,305,1120,BBB,High
googl,Alphabet Inc,USD,NASDAQ NMS - GLOBAL MARKET,Media,B,Medium,BB,Medium,BB,Medium,295,362,355,1012,BBB,High
mar,Marriott International Inc,USD,NASDAQ NMS - GLOBAL MARKET,Hotels Restaurants and Leisure,B,Medium,B,Medium,B,Medium,215,200,215,630,B,Medium
mchp,Microchip Technology Inc,USD,NASDAQ NMS - GLOBAL MARKET,Semiconductors,A,High,BB,Medium,BB,Medium,500,300,300,1100,BBB,High
lrcx,Lam Research Corp,USD,NASDAQ NMS - GLOBAL MARKET,Semiconductors,A,High,BB,Medium,BB,Medium,510,325,315,1150,BBB,High
mdlz,Mondelez International Inc,USD,NASDAQ NMS - GLOBAL MARKET,Food Products,A,High,BB,Medium,BB,Medium,520,307,300,1127,BBB,High
meta,Meta Platforms Inc,USD,NASDAQ NMS - GLOBAL MARKET,Media,B,Medium,B,Medium,B,Medium,205,232,215,652,B,Medium
mktx,Marketaxess Holdings Inc,USD,NASDAQ NMS - GLOBAL MARKET,Financial Services,B,Medium,B,Medium,B,Medium,230,213,210,653,B,Medium
mnst,Monster Beverage Corp,USD,NASDAQ NMS - GLOBAL MARKET,Beverages,A,High,BB,Medium,BB,Medium,515,344,300,1159,BBB,High
mrna,Moderna Inc,USD,NASDAQ NMS - GLOBAL MARKET,Biotechnology,A,High,BB,Medium,BB,Medium,500,300,300,1100,BBB,High
mtch,Match Group Inc,USD,NASDAQ NMS - GLOBAL MARKET,Media,B,Medium,BB,Medium,BB,Medium,245,389,311,945,BBB,High
mpwr,Monolithic Power Systems Inc,USD,NASDAQ NMS - GLOBAL MARKET,Semiconductors,BB,Medium,B,Medium,B,Medium,330,287,235,852,BB,Medium
msft,Microsoft Corp,USD,NASDAQ NMS - GLOBAL MARKET,Technology,AA,Excellent,BBB,High,BB,Medium,715,443,375,1533,A,High
mu,Micron Technology Inc,USD,NASDAQ NMS - GLOBAL MARKET,Semiconductors,A,High,BB,Medium,BB,Medium,530,330,300,1160,BBB,High
ndaq,Nasdaq Inc,USD,NASDAQ NMS - GLOBAL MARKET,Financial Services,A,High,BB,Medium,BB,Medium,505,310,300,1115,BBB,High
nlok,NortonLifeLock Inc,USD,NASDAQ NMS - GLOBAL MARKET,Technology,A,High,BB,Medium,BB,Medium,505,315,305,1125,BBB,High
ntrs,Northern Trust Corp,USD,NASDAQ NMS - GLOBAL MARKET,Financial Services,B,Medium,B,Medium,B,Medium,250,226,225,701,B,Medium
nwl,Newell Brands Inc,USD,NASDAQ NMS - GLOBAL MARKET,Consumer products,A,High,BB,Medium,BB,Medium,525,303,315,1143,BBB,High
nvda,NVIDIA Corp,USD,NASDAQ NMS - GLOBAL MARKET,Semiconductors,BB,Medium,BB,Medium,B,Medium,323,301,275,899,BB,Medium
allk,Allakos Inc,USD,NASDAQ NMS - GLOBAL MARKET,Biotechnology,B,Medium,B,Medium,BB,Medium,200,273,300,773,BB,Medium
nwsa,News Corp,USD,NASDAQ NMS - GLOBAL MARKET,Media,A,High,BB,Medium,BB,Medium,509,300,300,1109,BBB,High
odfl,Old Dominion Freight Line Inc,USD,NASDAQ NMS - GLOBAL MARKET,Road and Rail,BBB,High,BBB,High,B,Medium,467,423,280,1170,BBB,High
pcar,Paccar Inc,USD,NASDAQ NMS - GLOBAL MARKET,Machinery,A,High,BB,Medium,BB,Medium,568,343,305,1216,A,High
nxpi,NXP Semiconductors NV,USD,NASDAQ NMS - GLOBAL MARKET,Semiconductors,A,High,BB,Medium,BB,Medium,505,329,305,1139,BBB,High
orly,O'Reilly Automotive Inc,USD,NASDAQ NMS - GLOBAL MARKET,Retail,A,High,BB,Medium,BB,Medium,500,300,300,1100,BBB,High
payx,Paychex Inc,USD,NASDAQ NMS - GLOBAL MARKET,Technology,A,High,BB,Medium,B,Medium,500,300,200,1000,BBB,High
pfg,Principal Financial Group Inc,USD,NASDAQ NMS - GLOBAL MARKET,Insurance,A,High,BB,Medium,BB,Medium,555,320,300,1175,BBB,High
rost,Ross Stores Inc,USD,NASDAQ NMS - GLOBAL MARKET,Retail,BB,Medium,BB,Medium,BB,Medium,375,325,300,1000,BBB,High
sbac,SBA Communications Corp,USD,NASDAQ NMS - GLOBAL MARKET,Real Estate,B,Medium,B,Medium,B,Medium,250,251,215,716,B,Medium
qcom,Qualcomm Inc,USD,NASDAQ NMS - GLOBAL MARKET,Semiconductors,BBB,High,BB,Medium,BB,Medium,409,300,300,1009,BBB,High
pool,Pool Corp,USD,NASDAQ NMS - GLOBAL MARKET,Distributors,A,High,BB,Medium,BB,Medium,525,306,313,1144,BBB,High
pep,PepsiCo Inc,USD,NASDAQ NMS - GLOBAL MARKET,Beverages,AA,Excellent,BB,Medium,BB,Medium,719,340,358,1417,A,High
sbux,Starbucks Corp,USD,NASDAQ NMS - GLOBAL MARKET,Hotels Restaurants and Leisure,BBB,High,BB,Medium,B,Medium,475,385,295,1155,BBB,High
reg,Regency Centers Corp,USD,NASDAQ NMS - GLOBAL MARKET,Real Estate,A,High,BB,Medium,BB,Medium,575,372,365,1312,A,High
qrvo,Qorvo Inc,USD,NASDAQ NMS - GLOBAL MARKET,Semiconductors,A,High,BB,Medium,BB,Medium,535,310,305,1150,BBB,High
ptc,PTC Inc,USD,NASDAQ NMS - GLOBAL MARKET,Technology,A,High,BB,Medium,BB,Medium,550,302,308,1160,BBB,High
penn,PENN Entertainment Inc,USD,NASDAQ NMS - GLOBAL MARKET,Hotels Restaurants and Leisure,BB,Medium,BB,Medium,B,Medium,371,300,220,891,BB,Medium
pypl,PayPal Holdings Inc,USD,NASDAQ NMS - GLOBAL MARKET,Technology,BB,Medium,B,Medium,B,Medium,370,244,285,899,BB,Medium
regn,Regeneron Pharmaceuticals Inc,USD,NASDAQ NMS - GLOBAL MARKET,Biotechnology,A,High,BB,Medium,BB,Medium,505,327,305,1137,BBB,High
amgn,Amgen Inc,USD,NASDAQ NMS - GLOBAL MARKET,Biotechnology,A,High,BB,Medium,BB,Medium,575,312,328,1215,A,High
snps,Synopsys Inc,USD,NASDAQ NMS - GLOBAL MARKET,Technology,A,High,BB,Medium,BB,Medium,525,316,315,1156,BBB,High
stx,Seagate Technology Holdings PLC,USD,NASDAQ NMS - GLOBAL MARKET,Technology,A,High,BB,Medium,BB,Medium,540,355,300,1195,BBB,High
tech,Bio-Techne Corp,USD,NASDAQ NMS - GLOBAL MARKET,Life Sciences Tools and Services,A,High,B,Medium,BB,Medium,510,268,300,1078,BBB,High
ter,Teradyne Inc,USD,NASDAQ NMS - GLOBAL MARKET,Semiconductors,A,High,BB,Medium,BB,Medium,507,328,315,1150,BBB,High
swks,Skyworks Solutions Inc,USD,NASDAQ NMS - GLOBAL MARKET,Semiconductors,A,High,BB,Medium,B,Medium,515,303,270,1088,BBB,High
trmb,Trimble Inc,USD,NASDAQ NMS - GLOBAL MARKET,Electrical Equipment,A,High,BBB,High,BB,Medium,550,415,315,1280,A,High
trow,T Rowe Price Group Inc,USD,NASDAQ NMS - GLOBAL MARKET,Financial Services,A,High,BB,Medium,BB,Medium,510,325,310,1145,BBB,High
ttwo,Take-Two Interactive Software Inc,USD,NASDAQ NMS - GLOBAL MARKET,Media,B,Medium,BB,Medium,BB,Medium,225,307,310,842,BB,Medium
tsla,Tesla Inc,USD,NASDAQ NMS - GLOBAL MARKET,Automobiles,A,High,CCC,Low,B,Medium,555,160,278,993,BBB,High
tsco,Tractor Supply Co,USD,NASDAQ NMS - GLOBAL MARKET,Retail,A,High,BB,Medium,B,Medium,500,300,200,1000,BBB,High
txn,Texas Instruments Inc,USD,NASDAQ NMS - GLOBAL MARKET,Semiconductors,A,High,BB,Medium,BB,Medium,500,300,300,1100,BBB,High
tmus,T-Mobile US Inc,USD,NASDAQ NMS - GLOBAL MARKET,Telecommunication,BB,Medium,BB,Medium,B,Medium,342,331,230,903,BBB,High
ual,United Airlines Holdings Inc,USD,NASDAQ NMS - GLOBAL MARKET,Airlines,B,Medium,B,Medium,B,Medium,205,203,221,629,B,Medium
vrsk,Verisk Analytics Inc,USD,NASDAQ NMS - GLOBAL MARKET,Professional Services,AA,Excellent,BB,Medium,BB,Medium,615,366,300,1281,A,High
ulta,Ulta Beauty Inc,USD,NASDAQ NMS - GLOBAL MARKET,Retail,B,Medium,B,Medium,B,Medium,205,242,200,647,B,Medium
vrtx,Vertex Pharmaceuticals Inc,USD,NASDAQ NMS - GLOBAL MARKET,Biotechnology,A,High,BB,Medium,BB,Medium,500,300,300,1100,BBB,High
vtrs,Viatris Inc,USD,NASDAQ NMS - GLOBAL MARKET,Pharmaceuticals,A,High,BB,Medium,B,Medium,500,300,200,1000,BBB,High
vrsn,Verisign Inc,USD,NASDAQ NMS - GLOBAL MARKET,Technology,A,High,BB,Medium,BB,Medium,548,354,325,1227,A,High
wba,Walgreens Boots Alliance Inc,USD,NASDAQ NMS - GLOBAL MARKET,Retail,A,High,BB,Medium,BB,Medium,515,325,300,1140,BBB,High
ntap,NetApp Inc,USD,NASDAQ NMS - GLOBAL MARKET,Technology,A,High,BB,Medium,BB,Medium,545,359,325,1229,A,High
xel,Xcel Energy Inc,USD,NASDAQ NMS - GLOBAL MARKET,Utilities,B,Medium,B,Medium,B,Medium,223,201,205,629,B,Medium
xray,DENTSPLY SIRONA Inc,USD,NASDAQ NMS - GLOBAL MARKET,Health Care,A,High,BB,Medium,BB,Medium,530,318,305,1153,BBB,High
zbra,Zebra Technologies Corp,USD,NASDAQ NMS - GLOBAL MARKET,Electrical Equipment,BB,Medium,BB,Medium,BB,Medium,320,317,300,937,BBB,High
aap,Advance Auto Parts Inc,USD,"NEW YORK STOCK EXCHANGE, INC.",Retail,B,Medium,B,Medium,B,Medium,264,261,210,735,B,Medium
zion,Zions Bancorporation NA,USD,NASDAQ NMS - GLOBAL MARKET,Banking,B,Medium,B,Medium,B,Medium,200,200,200,600,B,Medium
wynn,Wynn Resorts Ltd,USD,NASDAQ NMS - GLOBAL MARKET,Hotels Restaurants and Leisure,B,Medium,B,Medium,B,Medium,225,201,200,626,B,Medium
a,Agilent Technologies Inc,USD,"NEW YORK STOCK EXCHANGE, INC.",Life Sciences Tools and Services,A,High,B,Medium,B,Medium,573,231,233,1037,BBB,High
abbv,Abbvie Inc,USD,"NEW YORK STOCK EXCHANGE, INC.",Biotechnology,A,High,BB,Medium,BB,Medium,505,317,300,1122,BBB,High
abc,Amerisourcebergen Corp,USD,"NEW YORK STOCK EXCHANGE, INC.",Health Care,A,High,BB,Medium,BB,Medium,505,300,315,1120,BBB,High
adm,Archer-Daniels-Midland Co,USD,"NEW YORK STOCK EXCHANGE, INC.",Food Products,A,High,BB,Medium,BB,Medium,587,353,305,1245,A,High
abt,Abbott Laboratories,USD,"NEW YORK STOCK EXCHANGE, INC.",Health Care,A,High,BB,Medium,BB,Medium,515,305,305,1125,BBB,High
aee,Ameren Corp,USD,"NEW YORK STOCK EXCHANGE, INC.",Utilities,A,High,BB,Medium,BB,Medium,562,345,300,1207,A,High
aes,AES Corp,USD,"NEW YORK STOCK EXCHANGE, INC.",Utilities,A,High,BB,Medium,BB,Medium,525,326,370,1221,A,High
afl,Aflac Inc,USD,"NEW YORK STOCK EXCHANGE, INC.",Insurance,BBB,High,BB,Medium,B,Medium,454,300,235,989,BBB,High
acn,Accenture PLC,USD,"NEW YORK STOCK EXCHANGE, INC.",Technology,A,High,BB,Medium,BB,Medium,515,360,305,1180,BBB,High
ajg,Arthur J. Gallagher & Co.,USD,"NEW YORK STOCK EXCHANGE, INC.",Insurance,A,High,BB,Medium,BB,Medium,530,344,310,1184,BBB,High
aiz,Assurant Inc,USD,"NEW YORK STOCK EXCHANGE, INC.",Insurance,BBB,High,BB,Medium,BB,Medium,438,316,300,1054,BBB,High
alk,Alaska Air Group Inc,USD,"NEW YORK STOCK EXCHANGE, INC.",Airlines,A,High,BB,Medium,B,Medium,515,303,259,1077,BBB,High
alb,Albemarle Corp,USD,"NEW YORK STOCK EXCHANGE, INC.",Chemicals,A,High,BB,Medium,BB,Medium,545,322,315,1182,BBB,High
aig,American International Group Inc,USD,"NEW YORK STOCK EXCHANGE, INC.",Insurance,A,High,BB,Medium,BB,Medium,518,323,310,1151,BBB,High
all,Allstate Corp,USD,"NEW YORK STOCK EXCHANGE, INC.",Insurance,A,High,BB,Medium,B,Medium,530,300,220,1050,BBB,High
alle,Allegion PLC,USD,"NEW YORK STOCK EXCHANGE, INC.",Building,A,High,BB,Medium,BB,Medium,542,322,315,1179,BBB,High
amp,Ameriprise Financial Inc,USD,"NEW YORK STOCK EXCHANGE, INC.",Financial Services,BB,Medium,BB,Medium,B,Medium,396,308,267,971,BBB,High
ame,AMETEK Inc,USD,"NEW YORK STOCK EXCHANGE, INC.",Electrical Equipment,A,High,BB,Medium,B,Medium,540,329,270,1139,BBB,High
amt,American Tower Corp,USD,"NEW YORK STOCK EXCHANGE, INC.",Real Estate,A,High,BB,Medium,BB,Medium,530,333,305,1168,BBB,High
aos,A O Smith Corp,USD,"NEW YORK STOCK EXCHANGE, INC.",Building,A,High,BB,Medium,BB,Medium,510,315,310,1135,BBB,High
apd,Air Products and Chemicals Inc,USD,"NEW YORK STOCK EXCHANGE, INC.",Chemicals,AA,Excellent,BBB,High,BB,Medium,700,442,300,1442,A,High
aon,Aon PLC,USD,"NEW YORK STOCK EXCHANGE, INC.",Insurance,BBB,High,BB,Medium,B,Medium,485,304,288,1077,BBB,High
anet,Arista Networks Inc,USD,"NEW YORK STOCK EXCHANGE, INC.",Communications,BBB,High,BB,Medium,B,Medium,444,310,295,1049,BBB,High
aph,Amphenol Corp,USD,"NEW YORK STOCK EXCHANGE, INC.",Electrical Equipment,A,High,BB,Medium,BBB,High,512,303,475,1290,A,High
ato,Atmos Energy Corp,USD,"NEW YORK STOCK EXCHANGE, INC.",Utilities,A,High,BB,Medium,BB,Medium,572,368,315,1255,A,High
awk,American Water Works Company Inc,USD,"NEW YORK STOCK EXCHANGE, INC.",Utilities,AA,Excellent,BB,Medium,BB,Medium,653,395,300,1348,A,High
are,Alexandria Real Estate Equities Inc,USD,"NEW YORK STOCK EXCHANGE, INC.",Real Estate,AA,Excellent,BB,Medium,BB,Medium,600,337,345,1282,A,High
aptv,Aptiv PLC,USD,"NEW YORK STOCK EXCHANGE, INC.",Auto Components,A,High,BB,Medium,BB,Medium,555,339,310,1204,A,High
avb,Avalonbay Communities Inc,USD,"NEW YORK STOCK EXCHANGE, INC.",Real Estate,A,High,BB,Medium,B,Medium,500,300,298,1098,BBB,High
avy,Avery Dennison Corp,USD,"NEW YORK STOCK EXCHANGE, INC.",Packaging,A,High,BB,Medium,BB,Medium,535,347,325,1207,A,High
ba,Boeing Co,USD,"NEW YORK STOCK EXCHANGE, INC.",Aerospace and Defense,B,Medium,B,Medium,B,Medium,220,224,235,679,B,Medium
bac,Bank of America Corp,USD,"NEW YORK STOCK EXCHANGE, INC.",Banking,B,Medium,BB,Medium,B,Medium,220,394,265,879,BB,Medium
bax,Baxter International Inc,USD,"NEW YORK STOCK EXCHANGE, INC.",Health Care,A,High,BB,Medium,BB,Medium,500,316,300,1116,BBB,High
bbwi,Bath & Body Works Inc,USD,"NEW YORK STOCK EXCHANGE, INC.",Retail,A,High,BB,Medium,BB,Medium,525,303,300,1128,BBB,High
bdx,Becton Dickinson and Co,USD,"NEW YORK STOCK EXCHANGE, INC.",Health Care,AA,Excellent,BB,Medium,BB,Medium,607,384,315,1306,A,High
bio,Bio Rad Laboratories Inc,USD,"NEW YORK STOCK EXCHANGE, INC.",Life Sciences Tools and Services,B,Medium,B,Medium,BB,Medium,275,227,300,802,BB,Medium
bby,Best Buy Co Inc,USD,"NEW YORK STOCK EXCHANGE, INC.",Retail,BBB,High,B,Medium,BB,Medium,430,231,300,961,BBB,High
bk,Bank of New York Mellon Corp,USD,"NEW YORK STOCK EXCHANGE, INC.",Financial Services,A,High,BB,Medium,BB,Medium,500,300,300,1100,BBB,High
axp,American Express Co,USD,"NEW YORK STOCK EXCHANGE, INC.",Financial Services,B,Medium,B,Medium,B,Medium,230,226,208,664,B,Medium
br,Broadridge Financial Solutions Inc,USD,"NEW YORK STOCK EXCHANGE, INC.",Technology,A,High,BB,Medium,BB,Medium,550,313,325,1188,BBB,High
bmy,Bristol-Myers Squibb Co,USD,"NEW YORK STOCK EXCHANGE, INC.",Pharmaceuticals,A,High,BB,Medium,BB,Medium,500,321,310,1131,BBB,High
bro,Brown & Brown Inc,USD,"NEW YORK STOCK EXCHANGE, INC.",Insurance,BBB,High,BB,Medium,BB,Medium,405,320,300,1025,BBB,High
azo,Autozone Inc,USD,"NEW YORK STOCK EXCHANGE, INC.",Retail,B,Medium,B,Medium,B,Medium,260,222,213,695,B,Medium
bsx,Boston Scientific Corp,USD,"NEW YORK STOCK EXCHANGE, INC.",Health Care,A,High,BB,Medium,BB,Medium,525,399,300,1224,A,High
bx,Blackstone Inc,USD,"NEW YORK STOCK EXCHANGE, INC.",Financial Services,A,High,BB,Medium,BB,Medium,534,343,320,1197,BBB,High
bxp,Boston Properties Inc,USD,"NEW YORK STOCK EXCHANGE, INC.",Real Estate,A,High,BB,Medium,BB,Medium,532,339,305,1176,BBB,High
sivb,SVB Financial Group,USD,NASDAQ NMS - GLOBAL MARKET,Banking,A,High,BB,Medium,BB,Medium,510,340,300,1150,BBB,High
c,Citigroup Inc,USD,"NEW YORK STOCK EXCHANGE, INC.",Banking,A,High,BB,Medium,BB,Medium,515,300,303,1118,BBB,High
cat,Caterpillar Inc,USD,"NEW YORK STOCK EXCHANGE, INC.",Machinery,B,Medium,B,Medium,B,Medium,235,239,235,709,B,Medium
carr,Carrier Global Corp,USD,"NEW YORK STOCK EXCHANGE, INC.",Building,B,Medium,B,Medium,B,Medium,210,258,226,694,B,Medium
cbre,CBRE Group Inc,USD,"NEW YORK STOCK EXCHANGE, INC.",Real Estate,B,Medium,B,Medium,B,Medium,200,209,200,609,B,Medium
cci,Crown Castle Inc,USD,"NEW YORK STOCK EXCHANGE, INC.",Real Estate,A,High,BB,Medium,B,Medium,500,300,200,1000,BBB,High
cday,Ceridian HCM Holding Inc,USD,"NEW YORK STOCK EXCHANGE, INC.",Technology,A,High,BB,Medium,BB,Medium,530,379,320,1229,A,High
cma,Comerica Inc,USD,"NEW YORK STOCK EXCHANGE, INC.",Banking,B,Medium,BB,Medium,B,Medium,280,300,230,810,BB,Medium
dhi,D R Horton Inc,USD,"NEW YORK STOCK EXCHANGE, INC.",Consumer products,B,Medium,B,Medium,B,Medium,250,271,205,726,B,Medium
dov,Dover Corp,USD,"NEW YORK STOCK EXCHANGE, INC.",Machinery,A,High,BB,Medium,BB,Medium,500,320,305,1125,BBB,High
dri,Darden Restaurants Inc,USD,"NEW YORK STOCK EXCHANGE, INC.",Hotels Restaurants and Leisure,A,High,BB,Medium,BB,Medium,515,309,300,1124,BBB,High
ce,Celanese Corp,USD,"NEW YORK STOCK EXCHANGE, INC.",Chemicals,A,High,BB,Medium,BB,Medium,500,319,300,1119,BBB,High
dg,Dollar General Corp,USD,"NEW YORK STOCK EXCHANGE, INC.",Retail,B,Medium,B,Medium,B,Medium,247,222,200,669,B,Medium
cmg,Chipotle Mexican Grill Inc,USD,"NEW YORK STOCK EXCHANGE, INC.",Hotels Restaurants and Leisure,B,Medium,B,Medium,B,Medium,210,241,213,664,B,Medium
dgx,Quest Diagnostics Inc,USD,"NEW YORK STOCK EXCHANGE, INC.",Health Care,B,Medium,BB,Medium,B,Medium,230,300,205,735,B,Medium
ccl,Carnival Corp,USD,"NEW YORK STOCK EXCHANGE, INC.",Hotels Restaurants and Leisure,A,High,BB,Medium,BB,Medium,515,326,320,1161,BBB,High
chd,Church & Dwight Co Inc,USD,"NEW YORK STOCK EXCHANGE, INC.",Consumer products,A,High,BB,Medium,BB,Medium,578,341,348,1267,A,High
dow,Dow Inc,USD,"NEW YORK STOCK EXCHANGE, INC.",Chemicals,B,Medium,B,Medium,B,Medium,225,201,200,626,B,Medium
dfs,Discover Financial Services,USD,"NEW YORK STOCK EXCHANGE, INC.",Financial Services,BB,Medium,BB,Medium,BB,Medium,335,321,313,969,BBB,High
duk,Duke Energy Corp,USD,"NEW YORK STOCK EXCHANGE, INC.",Utilities,AA,Excellent,BB,Medium,BB,Medium,604,362,328,1294,A,High
dre,Duke Realty Corp,USD,"NEW YORK STOCK EXCHANGE, INC.",Real Estate,A,High,BB,Medium,BB,Medium,540,313,300,1153,BBB,High
cf,CF Industries Holdings Inc,USD,"NEW YORK STOCK EXCHANGE, INC.",Chemicals,A,High,BB,Medium,BB,Medium,525,307,310,1142,BBB,High
dvn,Devon Energy Corp,USD,"NEW YORK STOCK EXCHANGE, INC.",Energy,A,High,BB,Medium,BB,Medium,570,301,300,1171,BBB,High
ecl,Ecolab Inc,USD,"NEW YORK STOCK EXCHANGE, INC.",Chemicals,A,High,BB,Medium,BB,Medium,547,373,325,1245,A,High
hd,Home Depot Inc,USD,"NEW YORK STOCK EXCHANGE, INC.",Retail,B,Medium,BB,Medium,B,Medium,230,317,205,752,BB,Medium
dte,DTE Energy Co,USD,"NEW YORK STOCK EXCHANGE, INC.",Utilities,A,High,BB,Medium,B,Medium,592,313,210,1115,BBB,High
eix,Edison International,USD,"NEW YORK STOCK EXCHANGE, INC.",Utilities,AA,Excellent,A,High,BB,Medium,700,513,315,1528,A,High
glw,Corning Inc,USD,"NEW YORK STOCK EXCHANGE, INC.",Electrical Equipment,B,Medium,B,Medium,B,Medium,200,200,200,600,B,Medium
dva,DaVita Inc,USD,"NEW YORK STOCK EXCHANGE, INC.",Health Care,B,Medium,BB,Medium,BB,Medium,260,332,300,892,BB,Medium
wdc,Western Digital Corp,USD,NASDAQ NMS - GLOBAL MARKET,Technology,A,High,BB,Medium,B,Medium,545,339,260,1144,BBB,High
gs,Goldman Sachs Group Inc,USD,"NEW YORK STOCK EXCHANGE, INC.",Financial Services,A,High,BB,Medium,BB,Medium,525,305,305,1135,BBB,High
dxc,DXC Technology Co,USD,"NEW YORK STOCK EXCHANGE, INC.",Technology,A,High,BB,Medium,BB,Medium,505,326,305,1136,BBB,High
etn,Eaton Corporation PLC,USD,"NEW YORK STOCK EXCHANGE, INC.",Electrical Equipment,A,High,BB,Medium,BB,Medium,520,328,320,1168,BBB,High
ed,Consolidated Edison Inc,USD,"NEW YORK STOCK EXCHANGE, INC.",Utilities,AA,Excellent,BB,Medium,BB,Medium,700,358,300,1358,A,High
hsy,Hershey Co,USD,"NEW YORK STOCK EXCHANGE, INC.",Food Products,A,High,BB,Medium,BB,Medium,525,361,300,1186,BBB,High
jnj,Johnson & Johnson,USD,"NEW YORK STOCK EXCHANGE, INC.",Pharmaceuticals,A,High,BB,Medium,BB,Medium,565,308,300,1173,BBB,High
jpm,JPMorgan Chase & Co,USD,"NEW YORK STOCK EXCHANGE, INC.",Banking,A,High,BB,Medium,BB,Medium,505,319,338,1162,BBB,High
ko,Coca-Cola Co,USD,"NEW YORK STOCK EXCHANGE, INC.",Beverages,B,Medium,B,Medium,B,Medium,200,201,200,601,B,Medium
kmx,Carmax Inc,USD,"NEW YORK STOCK EXCHANGE, INC.",Retail,B,Medium,B,Medium,BB,Medium,251,237,300,788,BB,Medium
ldos,Leidos Holdings Inc,USD,"NEW YORK STOCK EXCHANGE, INC.",Professional Services,A,High,BB,Medium,BB,Medium,500,300,300,1100,BBB,High
leg,Leggett & Platt Inc,USD,"NEW YORK STOCK EXCHANGE, INC.",Consumer products,A,High,BB,Medium,BB,Medium,500,300,300,1100,BBB,High
mcd,McDonald's Corp,USD,"NEW YORK STOCK EXCHANGE, INC.",Hotels Restaurants and Leisure,A,High,BB,Medium,BB,Medium,505,326,305,1136,BBB,High
lin,Linde PLC,USD,"NEW YORK STOCK EXCHANGE, INC.",Chemicals,B,Medium,B,Medium,B,Medium,210,240,275,725,B,Medium
lumn,Lumen Technologies Inc,USD,"NEW YORK STOCK EXCHANGE, INC.",Telecommunication,A,High,BB,Medium,BB,Medium,535,327,305,1167,BBB,High
lyb,LyondellBasell Industries NV,USD,"NEW YORK STOCK EXCHANGE, INC.",Chemicals,A,High,BB,Medium,BB,Medium,587,352,330,1269,A,High
mco,Moody's Corp,USD,"NEW YORK STOCK EXCHANGE, INC.",Financial Services,A,High,BB,Medium,B,Medium,515,308,235,1058,BBB,High
mck,Mckesson Corp,USD,"NEW YORK STOCK EXCHANGE, INC.",Health Care,A,High,BB,Medium,BB,Medium,500,303,310,1113,BBB,High
mas,Masco Corp,USD,"NEW YORK STOCK EXCHANGE, INC.",Building,A,High,BB,Medium,BB,Medium,522,323,305,1150,BBB,High
low,Lowe's Companies Inc,USD,"NEW YORK STOCK EXCHANGE, INC.",Retail,B,Medium,B,Medium,B,Medium,218,200,200,618,B,Medium
mdt,Medtronic PLC,USD,"NEW YORK STOCK EXCHANGE, INC.",Health Care,A,High,BB,Medium,BB,Medium,515,308,315,1138,BBB,High
mkc,McCormick & Company Inc,USD,"NEW YORK STOCK EXCHANGE, INC.",Food Products,A,High,BB,Medium,BB,Medium,500,300,300,1100,BBB,High
met,MetLife Inc,USD,"NEW YORK STOCK EXCHANGE, INC.",Insurance,A,High,BB,Medium,BB,Medium,517,305,305,1127,BBB,High
mgm,MGM Resorts International,USD,"NEW YORK STOCK EXCHANGE, INC.",Hotels Restaurants and Leisure,A,High,BB,Medium,B,Medium,500,300,200,1000,BBB,High
mmc,Marsh & McLennan Companies Inc,USD,"NEW YORK STOCK EXCHANGE, INC.",Insurance,A,High,BB,Medium,BB,Medium,500,300,300,1100,BBB,High
mo,Altria Group Inc,USD,"NEW YORK STOCK EXCHANGE, INC.",Tobacco,A,High,BB,Medium,BB,Medium,500,327,341,1168,BBB,High
bwa,Borgwarner Inc,USD,"NEW YORK STOCK EXCHANGE, INC.",Auto Components,B,Medium,B,Medium,B,Medium,260,206,230,696,B,Medium
mrk,Merck & Co Inc,USD,"NEW YORK STOCK EXCHANGE, INC.",Pharmaceuticals,A,High,BB,Medium,BB,Medium,500,305,315,1120,BBB,High
mro,Marathon Oil Corp,USD,"NEW YORK STOCK EXCHANGE, INC.",Energy,A,High,BB,Medium,BB,Medium,530,313,305,1148,BBB,High
mpc,Marathon Petroleum Corp,USD,"NEW YORK STOCK EXCHANGE, INC.",Energy,AA,Excellent,BB,Medium,BB,Medium,700,366,315,1381,A,High
ms,Morgan Stanley,USD,"NEW YORK STOCK EXCHANGE, INC.",Financial Services,A,High,BB,Medium,BB,Medium,555,303,320,1178,BBB,High
mtb,M&T Bank Corp,USD,"NEW YORK STOCK EXCHANGE, INC.",Banking,A,High,BB,Medium,B,Medium,500,303,260,1063,BBB,High
mtd,Mettler-Toledo International Inc,USD,"NEW YORK STOCK EXCHANGE, INC.",Life Sciences Tools and Services,A,High,BB,Medium,B,Medium,505,300,240,1045,BBB,High
msi,Motorola Solutions Inc,USD,"NEW YORK STOCK EXCHANGE, INC.",Communications,A,High,BB,Medium,BB,Medium,505,305,347,1157,BBB,High
nee,Nextera Energy Inc,USD,"NEW YORK STOCK EXCHANGE, INC.",Utilities,AA,Excellent,BB,Medium,BB,Medium,668,306,313,1287,A,High
msci,MSCI Inc,USD,"NEW YORK STOCK EXCHANGE, INC.",Financial Services,A,High,BB,Medium,BB,Medium,580,347,335,1262,A,High
nclh,Norwegian Cruise Line Holdings Ltd,USD,"NEW YORK STOCK EXCHANGE, INC.",Hotels Restaurants and Leisure,BBB,High,BB,Medium,BB,Medium,495,306,300,1101,BBB,High
ni,NiSource Inc,USD,"NEW YORK STOCK EXCHANGE, INC.",Utilities,BB,Medium,BB,Medium,B,Medium,361,322,223,906,BBB,High
noc,Northrop Grumman Corp,USD,"NEW YORK STOCK EXCHANGE, INC.",Aerospace and Defense,A,High,BB,Medium,BB,Medium,505,302,300,1107,BBB,High
now,ServiceNow Inc,USD,"NEW YORK STOCK EXCHANGE, INC.",Technology,A,High,BB,Medium,BB,Medium,550,374,350,1274,A,High
nue,Nucor Corp,USD,"NEW YORK STOCK EXCHANGE, INC.",Metals and Mining,BB,Medium,BB,Medium,B,Medium,374,340,225,939,BBB,High
nlsn,Nielsen Holdings PLC,USD,"NEW YORK STOCK EXCHANGE, INC.",Professional Services,A,High,BB,Medium,BB,Medium,500,310,300,1110,BBB,High
nsc,Norfolk Southern Corp,USD,"NEW YORK STOCK EXCHANGE, INC.",Road and Rail,BB,Medium,BB,Medium,BB,Medium,358,339,330,1027,BBB,High
nvr,NVR Inc,USD,"NEW YORK STOCK EXCHANGE, INC.",Consumer products,B,Medium,B,Medium,B,Medium,265,206,205,676,B,Medium
pgr,Progressive Corp,USD,"NEW YORK STOCK EXCHANGE, INC.",Insurance,BB,Medium,BB,Medium,B,Medium,350,355,270,975,BBB,High
pfe,Pfizer Inc,USD,"NEW YORK STOCK EXCHANGE, INC.",Pharmaceuticals,A,High,BB,Medium,BB,Medium,500,300,300,1100,BBB,High
phm,Pultegroup Inc,USD,"NEW YORK STOCK EXCHANGE, INC.",Consumer products,B,Medium,B,Medium,B,Medium,215,203,240,658,B,Medium
ph,Parker-Hannifin Corp,USD,"NEW YORK STOCK EXCHANGE, INC.",Machinery,BB,Medium,BB,Medium,B,Medium,325,303,225,853,BB,Medium
pki,PerkinElmer Inc,USD,"NEW YORK STOCK EXCHANGE, INC.",Life Sciences Tools and Services,A,High,BB,Medium,BB,Medium,515,316,325,1156,BBB,High
pld,Prologis Inc,USD,"NEW YORK STOCK EXCHANGE, INC.",Real Estate,A,High,BB,Medium,BB,Medium,579,374,315,1268,A,High
ppg,PPG Industries Inc,USD,"NEW YORK STOCK EXCHANGE, INC.",Chemicals,B,Medium,B,Medium,B,Medium,293,236,220,749,B,Medium
psa,Public Storage,USD,"NEW YORK STOCK EXCHANGE, INC.",Real Estate,B,Medium,B,Medium,B,Medium,235,245,205,685,B,Medium
pnc,PNC Financial Services Group Inc,USD,"NEW YORK STOCK EXCHANGE, INC.",Banking,BBB,High,BB,Medium,BB,Medium,455,323,300,1078,BBB,High
pm,Philip Morris International Inc,USD,"NEW YORK STOCK EXCHANGE, INC.",Tobacco,A,High,BB,Medium,BB,Medium,520,327,315,1162,BBB,High
pkg,Packaging Corp of America,USD,"NEW YORK STOCK EXCHANGE, INC.",Packaging,A,High,BB,Medium,BB,Medium,500,303,300,1103,BBB,High
psx,Phillips 66,USD,"NEW YORK STOCK EXCHANGE, INC.",Energy,A,High,BB,Medium,BB,Medium,569,363,310,1242,A,High
pru,Prudential Financial Inc,USD,"NEW YORK STOCK EXCHANGE, INC.",Insurance,B,Medium,BB,Medium,B,Medium,285,300,288,873,BB,Medium
pnr,Pentair PLC,USD,"NEW YORK STOCK EXCHANGE, INC.",Machinery,BBB,High,BB,Medium,BB,Medium,433,330,315,1078,BBB,High
pnw,Pinnacle West Capital Corp,USD,"NEW YORK STOCK EXCHANGE, INC.",Utilities,AA,Excellent,BBB,High,BB,Medium,629,479,300,1408,A,High
ppl,PPL Corp,USD,"NEW YORK STOCK EXCHANGE, INC.",Utilities,A,High,BB,Medium,BB,Medium,525,306,300,1131,BBB,High
pwr,Quanta Services Inc,USD,"NEW YORK STOCK EXCHANGE, INC.",Construction,A,High,BB,Medium,BB,Medium,540,382,310,1232,A,High
rjf,Raymond James Financial Inc,USD,"NEW YORK STOCK EXCHANGE, INC.",Financial Services,A,High,BB,Medium,BB,Medium,505,309,305,1119,BBB,High
rf,Regions Financial Corp,USD,"NEW YORK STOCK EXCHANGE, INC.",Banking,BBB,High,BB,Medium,BB,Medium,490,304,305,1099,BBB,High
rcl,Royal Caribbean Cruises Ltd,USD,"NEW YORK STOCK EXCHANGE, INC.",Hotels Restaurants and Leisure,A,High,BB,Medium,BB,Medium,503,327,310,1140,BBB,High
rl,Ralph Lauren Corp,USD,"NEW YORK STOCK EXCHANGE, INC.",Textiles Apparel and Luxury Goods,BBB,High,BB,Medium,BB,Medium,420,352,303,1075,BBB,High
pvh,PVH Corp,USD,"NEW YORK STOCK EXCHANGE, INC.",Textiles Apparel and Luxury Goods,BBB,High,BB,Medium,BB,Medium,418,319,315,1052,BBB,High
rhi,Robert Half International Inc,USD,"NEW YORK STOCK EXCHANGE, INC.",Professional Services,B,Medium,BB,Medium,BB,Medium,255,334,310,899,BB,Medium
pxd,Pioneer Natural Resources Co,USD,"NEW YORK STOCK EXCHANGE, INC.",Energy,AA,Excellent,BBB,High,BB,Medium,700,412,300,1412,A,High
rol,Rollins Inc,USD,"NEW YORK STOCK EXCHANGE, INC.",Commercial Services and Supplies,A,High,BB,Medium,BB,Medium,500,300,305,1105,BBB,High
rmd,Resmed Inc,USD,"NEW YORK STOCK EXCHANGE, INC.",Health Care,BB,Medium,BB,Medium,BB,Medium,330,312,300,942,BBB,High
schw,Charles Schwab Corp,USD,"NEW YORK STOCK EXCHANGE, INC.",Financial Services,A,High,BB,Medium,BB,Medium,515,300,300,1115,BBB,High
rok,Rockwell Automation Inc,USD,"NEW YORK STOCK EXCHANGE, INC.",Electrical Equipment,BB,Medium,B,Medium,B,Medium,308,243,210,761,BB,Medium
tdg,TransDigm Group Inc,USD,"NEW YORK STOCK EXCHANGE, INC.",Aerospace and Defense,A,High,BB,Medium,BB,Medium,500,300,300,1100,BBB,High
see,Sealed Air Corp,USD,"NEW YORK STOCK EXCHANGE, INC.",Packaging,A,High,BB,Medium,B,Medium,555,318,257,1130,BBB,High
rop,Roper Technologies Inc,USD,"NEW YORK STOCK EXCHANGE, INC.",Technology,A,High,BB,Medium,BB,Medium,570,350,340,1260,A,High
swk,Stanley Black & Decker Inc,USD,"NEW YORK STOCK EXCHANGE, INC.",Machinery,A,High,BB,Medium,BB,Medium,555,315,300,1170,BBB,High
stz,Constellation Brands Inc,USD,"NEW YORK STOCK EXCHANGE, INC.",Beverages,BBB,High,BB,Medium,B,Medium,459,313,295,1067,BBB,High
syk,Stryker Corp,USD,"NEW YORK STOCK EXCHANGE, INC.",Health Care,BBB,High,BB,Medium,BB,Medium,485,321,325,1131,BBB,High
syy,Sysco Corp,USD,"NEW YORK STOCK EXCHANGE, INC.",Retail,A,High,BB,Medium,BB,Medium,555,301,305,1161,BBB,High
shw,Sherwin-Williams Co,USD,"NEW YORK STOCK EXCHANGE, INC.",Chemicals,B,Medium,B,Medium,B,Medium,295,259,220,774,BB,Medium
spgi,S&P Global Inc,USD,"NEW YORK STOCK EXCHANGE, INC.",Financial Services,BBB,High,BB,Medium,BB,Medium,435,341,310,1086,BBB,High
ste,STERIS plc,USD,"NEW YORK STOCK EXCHANGE, INC.",Health Care,A,High,BB,Medium,BB,Medium,510,301,305,1116,BBB,High
syf,Synchrony Financial,USD,"NEW YORK STOCK EXCHANGE, INC.",Financial Services,BB,Medium,BB,Medium,BB,Medium,325,312,310,947,BBB,High
spg,Simon Property Group Inc,USD,"NEW YORK STOCK EXCHANGE, INC.",Real Estate,B,Medium,B,Medium,B,Medium,225,247,205,677,B,Medium
sre,Sempra Energy,USD,"NEW YORK STOCK EXCHANGE, INC.",Utilities,AA,Excellent,BB,Medium,BB,Medium,700,386,310,1396,A,High
so,Southern Co,USD,"NEW YORK STOCK EXCHANGE, INC.",Utilities,A,High,BB,Medium,BB,Medium,515,307,330,1152,BBB,High
stt,State Street Corp,USD,"NEW YORK STOCK EXCHANGE, INC.",Financial Services,B,Medium,B,Medium,B,Medium,225,211,210,646,B,Medium
sna,Snap-On Inc,USD,"NEW YORK STOCK EXCHANGE, INC.",Machinery,A,High,BB,Medium,B,Medium,500,300,261,1061,BBB,High
rtx,Raytheon Technologies Corp,USD,"NEW YORK STOCK EXCHANGE, INC.",Aerospace and Defense,A,High,BB,Medium,BBB,High,520,330,400,1250,A,High
hig,Hartford Financial Services Group Inc,USD,"NEW YORK STOCK EXCHANGE, INC.",Insurance,A,High,BB,Medium,BB,Medium,500,305,305,1110,BBB,High
tel,TE Connectivity Ltd,USD,"NEW YORK STOCK EXCHANGE, INC.",Electrical Equipment,B,Medium,B,Medium,B,Medium,200,200,200,600,B,Medium
tfx,Teleflex Inc,USD,"NEW YORK STOCK EXCHANGE, INC.",Health Care,B,Medium,B,Medium,B,Medium,200,200,200,600,B,Medium
tfc,Truist Financial Corp,USD,"NEW YORK STOCK EXCHANGE, INC.",Banking,BBB,High,BB,Medium,BB,Medium,480,308,300,1088,BBB,High
tdy,Teledyne Technologies Inc,USD,"NEW YORK STOCK EXCHANGE, INC.",Electrical Equipment,A,High,BB,Medium,BB,Medium,500,300,300,1100,BBB,High
tgt,Target Corp,USD,"NEW YORK STOCK EXCHANGE, INC.",Retail,A,High,BB,Medium,BB,Medium,550,342,313,1205,A,High
tjx,TJX Companies Inc,USD,"NEW YORK STOCK EXCHANGE, INC.",Retail,A,High,BB,Medium,BB,Medium,500,300,300,1100,BBB,High
tpr,Tapestry Inc,USD,"NEW YORK STOCK EXCHANGE, INC.",Textiles Apparel and Luxury Goods,BBB,High,BB,Medium,BB,Medium,483,310,300,1093,BBB,High
trv,Travelers Companies Inc,USD,"NEW YORK STOCK EXCHANGE, INC.",Insurance,A,High,BB,Medium,BB,Medium,500,300,300,1100,BBB,High
tmo,Thermo Fisher Scientific Inc,USD,"NEW YORK STOCK EXCHANGE, INC.",Life Sciences Tools and Services,A,High,BB,Medium,B,Medium,527,332,280,1139,BBB,High
tt,Trane Technologies PLC,USD,"NEW YORK STOCK EXCHANGE, INC.",Building,AA,Excellent,BB,Medium,BB,Medium,700,389,320,1409,A,High
tsn,Tyson Foods Inc,USD,"NEW YORK STOCK EXCHANGE, INC.",Food Products,A,High,BB,Medium,BB,Medium,530,374,340,1244,A,High
tyl,Tyler Technologies Inc,USD,"NEW YORK STOCK EXCHANGE, INC.",Technology,BBB,High,BB,Medium,BB,Medium,400,306,305,1011,BBB,High
txt,Textron Inc,USD,"NEW YORK STOCK EXCHANGE, INC.",Aerospace and Defense,A,High,BB,Medium,B,Medium,500,300,200,1000,BBB,High
unh,UnitedHealth Group Inc,USD,"NEW YORK STOCK EXCHANGE, INC.",Health Care,A,High,BB,Medium,BB,Medium,500,300,300,1100,BBB,High
ups,United Parcel Service Inc,USD,"NEW YORK STOCK EXCHANGE, INC.",Logistics and Transportation,A,High,BB,Medium,B,Medium,540,374,245,1159,BBB,High
udr,UDR Inc,USD,"NEW YORK STOCK EXCHANGE, INC.",Real Estate,B,Medium,BB,Medium,B,Medium,225,301,215,741,B,Medium
uhs,Universal Health Services Inc,USD,"NEW YORK STOCK EXCHANGE, INC.",Health Care,A,High,BB,Medium,BB,Medium,560,320,338,1218,A,High
mos,Mosaic Co,USD,"NEW YORK STOCK EXCHANGE, INC.",Chemicals,A,High,BB,Medium,BB,Medium,515,379,315,1209,A,High
usb,US Bancorp,USD,"NEW YORK STOCK EXCHANGE, INC.",Banking,BB,Medium,BB,Medium,BB,Medium,336,317,300,953,BBB,High
uri,United Rentals Inc,USD,"NEW YORK STOCK EXCHANGE, INC.",Trading Companies and Distributors,BBB,High,BB,Medium,BB,Medium,472,318,300,1090,BBB,High
vno,Vornado Realty Trust,USD,"NEW YORK STOCK EXCHANGE, INC.",Real Estate,A,High,BB,Medium,BB,Medium,540,326,325,1191,BBB,High
vlo,Valero Energy Corp,USD,"NEW YORK STOCK EXCHANGE, INC.",Energy,AA,Excellent,BB,Medium,BB,Medium,608,307,330,1245,A,High
vfc,VF Corp,USD,"NEW YORK STOCK EXCHANGE, INC.",Textiles Apparel and Luxury Goods,A,High,BB,Medium,BB,Medium,505,301,300,1106,BBB,High
v,Visa Inc,USD,"NEW YORK STOCK EXCHANGE, INC.",Technology,A,High,BB,Medium,BB,Medium,504,368,310,1182,BBB,High
vtr,Ventas Inc,USD,"NEW YORK STOCK EXCHANGE, INC.",Real Estate,A,High,BB,Medium,BB,Medium,500,300,300,1100,BBB,High
vmc,Vulcan Materials Co,USD,"NEW YORK STOCK EXCHANGE, INC.",Construction,A,High,BB,Medium,BB,Medium,570,319,300,1189,BBB,High
wec,WEC Energy Group Inc,USD,"NEW YORK STOCK EXCHANGE, INC.",Utilities,AA,Excellent,BBB,High,BB,Medium,635,438,300,1373,A,High
well,Welltower OP LLC,USD,"NEW YORK STOCK EXCHANGE, INC.",Real Estate,BBB,High,BB,Medium,BB,Medium,437,326,300,1063,BBB,High
wat,Waters Corp,USD,"NEW YORK STOCK EXCHANGE, INC.",Life Sciences Tools and Services,B,Medium,B,Medium,B,Medium,270,292,235,797,BB,Medium
wm,Waste Management Inc,USD,"NEW YORK STOCK EXCHANGE, INC.",Commercial Services and Supplies,AA,Excellent,BBB,High,B,Medium,613,408,285,1306,A,High
wab,Westinghouse Air Brake Technologies Corp,USD,"NEW YORK STOCK EXCHANGE, INC.",Machinery,AA,Excellent,BB,Medium,BB,Medium,607,311,320,1238,A,High
wmb,Williams Companies Inc,USD,"NEW YORK STOCK EXCHANGE, INC.",Energy,A,High,BB,Medium,BB,Medium,500,300,300,1100,BBB,High
wfc,Wells Fargo & Co,USD,"NEW YORK STOCK EXCHANGE, INC.",Banking,A,High,BB,Medium,BB,Medium,500,300,300,1100,BBB,High
whr,Whirlpool Corp,USD,"NEW YORK STOCK EXCHANGE, INC.",Consumer products,A,High,BB,Medium,BB,Medium,500,301,300,1101,BBB,High
wst,West Pharmaceutical Services Inc,USD,"NEW YORK STOCK EXCHANGE, INC.",Life Sciences Tools and Services,A,High,BB,Medium,BB,Medium,540,330,305,1175,BBB,High
wrb,W R Berkley Corp,USD,"NEW YORK STOCK EXCHANGE, INC.",Insurance,BB,Medium,B,Medium,BB,Medium,360,294,300,954,BBB,High
wmt,Walmart Inc,USD,"NEW YORK STOCK EXCHANGE, INC.",Retail,BB,Medium,B,Medium,B,Medium,310,281,220,811,BB,Medium
wu,Western Union Co,USD,"NEW YORK STOCK EXCHANGE, INC.",Technology,B,Medium,B,Medium,B,Medium,205,205,228,638,B,Medium
yum,Yum! Brands Inc,USD,"NEW YORK STOCK EXCHANGE, INC.",Hotels Restaurants and Leisure,A,High,BB,Medium,BB,Medium,500,320,310,1130,BBB,High
xyl,Xylem Inc,USD,"NEW YORK STOCK EXCHANGE, INC.",Machinery,BB,Medium,B,Medium,B,Medium,374,254,210,838,BB,Medium
wy,Weyerhaeuser Co,USD,"NEW YORK STOCK EXCHANGE, INC.",Real Estate,AA,Excellent,BB,Medium,BB,Medium,700,340,300,1340,A,High
wrk,Westrock Co,USD,"NEW YORK STOCK EXCHANGE, INC.",Packaging,A,High,BB,Medium,BB,Medium,555,324,305,1184,BBB,High
xom,Exxon Mobil Corp,USD,"NEW YORK STOCK EXCHANGE, INC.",Energy,A,High,BB,Medium,BB,Medium,538,322,313,1173,BBB,High
zbh,Zimmer Biomet Holdings Inc,USD,"NEW YORK STOCK EXCHANGE, INC.",Health Care,A,High,BB,Medium,BB,Medium,520,330,310,1160,BBB,High
zts,Zoetis Inc,USD,"NEW YORK STOCK EXCHANGE, INC.",Pharmaceuticals,A,High,BB,Medium,BB,Medium,520,348,310,1178,BBB,High
de,Deere & Co,USD,"NEW YORK STOCK EXCHANGE, INC.",Machinery,A,High,BB,Medium,BB,Medium,560,339,305,1204,A,High
dd,Dupont De Nemours Inc,USD,"NEW YORK STOCK EXCHANGE, INC.",Chemicals,A,High,BB,Medium,B,Medium,550,341,295,1186,BBB,High
d,Dominion Energy Inc,USD,"NEW YORK STOCK EXCHANGE, INC.",Utilities,A,High,BB,Medium,BB,Medium,535,325,310,1170,BBB,High
cvs,CVS Health Corp,USD,"NEW YORK STOCK EXCHANGE, INC.",Health Care,A,High,BB,Medium,BB,Medium,540,302,315,1157,BBB,High
dal,Delta Air Lines Inc,USD,"NEW YORK STOCK EXCHANGE, INC.",Airlines,A,High,BB,Medium,BB,Medium,515,300,313,1128,BBB,High
crm,Salesforce Inc,USD,"NEW YORK STOCK EXCHANGE, INC.",Technology,B,Medium,B,Medium,B,Medium,215,241,200,656,B,Medium
cvx,Chevron Corp,USD,"NEW YORK STOCK EXCHANGE, INC.",Energy,B,Medium,B,Medium,B,Medium,210,217,210,637,B,Medium
ctva,Corteva Inc,USD,"NEW YORK STOCK EXCHANGE, INC.",Chemicals,AA,Excellent,BB,Medium,BB,Medium,610,312,320,1242,A,High
ctra,Coterra Energy Inc,USD,"NEW YORK STOCK EXCHANGE, INC.",Energy,A,High,BB,Medium,BB,Medium,555,329,310,1194,BBB,High
ctlt,Catalent Inc,USD,"NEW YORK STOCK EXCHANGE, INC.",Pharmaceuticals,BBB,High,BB,Medium,BB,Medium,483,303,305,1091,BBB,High
cpb,Campbell Soup Co,USD,"NEW YORK STOCK EXCHANGE, INC.",Food Products,A,High,BB,Medium,BB,Medium,515,301,305,1121,BBB,High
crl,Charles River Laboratories International Inc,USD,"NEW YORK STOCK EXCHANGE, INC.",Life Sciences Tools and Services,A,High,BB,Medium,B,Medium,510,322,235,1067,BBB,High
cop,Conocophillips,USD,"NEW YORK STOCK EXCHANGE, INC.",Energy,AA,Excellent,A,High,BB,Medium,687,544,305,1536,A,High
coo,Cooper Companies Inc,USD,"NEW YORK STOCK EXCHANGE, INC.",Health Care,A,High,BB,Medium,BB,Medium,500,300,300,1100,BBB,High
cof,Capital One Financial Corp,USD,"NEW YORK STOCK EXCHANGE, INC.",Financial Services,A,High,BB,Medium,BB,Medium,508,309,320,1137,BBB,High
cnc,Centene Corp,USD,"NEW YORK STOCK EXCHANGE, INC.",Health Care,A,High,BB,Medium,BB,Medium,548,355,315,1218,A,High
cnp,CenterPoint Energy Inc,USD,"NEW YORK STOCK EXCHANGE, INC.",Utilities,A,High,BB,Medium,B,Medium,550,320,260,1130,BBB,High
cms,CMS Energy Corp,USD,"NEW YORK STOCK EXCHANGE, INC.",Utilities,BBB,High,AA,Excellent,C,Low,450,667,75,1192,BBB,High
cmi,Cummins Inc,USD,"NEW YORK STOCK EXCHANGE, INC.",Machinery,A,High,BB,Medium,BB,Medium,510,320,300,1130,BBB,High
cl,Colgate-Palmolive Co,USD,"NEW YORK STOCK EXCHANGE, INC.",Consumer products,A,High,BB,Medium,BB,Medium,520,310,310,1140,BBB,High
mmm,3M Co,USD,"NEW YORK STOCK EXCHANGE, INC.",Industrial Conglomerates,A,High,BB,Medium,BB,Medium,526,310,305,1141,BBB,High
cfg,Citizens Financial Group Inc,USD,"NEW YORK STOCK EXCHANGE, INC.",Banking,B,Medium,B,Medium,B,Medium,230,215,205,650,B,Medium
cag,Conagra Brands Inc,USD,"NEW YORK STOCK EXCHANGE, INC.",Food Products,A,High,BB,Medium,BB,Medium,525,306,300,1131,BBB,High
ci,Cigna Corp,USD,"NEW YORK STOCK EXCHANGE, INC.",Health Care,A,High,BB,Medium,BB,Medium,508,328,310,1146,BBB,High
cah,Cardinal Health Inc,USD,"NEW YORK STOCK EXCHANGE, INC.",Health Care,A,High,BB,Medium,BB,Medium,505,300,315,1120,BBB,High
ma,Mastercard Inc,USD,"NEW YORK STOCK EXCHANGE, INC.",Technology,B,Medium,B,Medium,B,Medium,210,230,215,655,B,Medium
lw,Lamb Weston Holdings Inc,USD,"NEW YORK STOCK EXCHANGE, INC.",Food Products,BB,Medium,B,Medium,BB,Medium,345,256,300,901,BBB,High
maa,Mid-America Apartment Communities Inc,USD,"NEW YORK STOCK EXCHANGE, INC.",Real Estate,BB,Medium,B,Medium,B,Medium,315,261,210,786,BB,Medium
mlm,Martin Marietta Materials Inc,USD,"NEW YORK STOCK EXCHANGE, INC.",Construction,A,High,BB,Medium,BB,Medium,573,313,300,1186,BBB,High
luv,Southwest Airlines Co,USD,"NEW YORK STOCK EXCHANGE, INC.",Airlines,B,Medium,BB,Medium,B,Medium,295,314,218,827,BB,Medium
lnc,Lincoln National Corp,USD,"NEW YORK STOCK EXCHANGE, INC.",Insurance,AA,Excellent,BB,Medium,BB,Medium,700,300,300,1300,A,High
len,Lennar Corp,USD,"NEW YORK STOCK EXCHANGE, INC.",Consumer products,BB,Medium,BB,Medium,B,Medium,363,344,220,927,BBB,High
pg,Procter & Gamble Co,USD,"NEW YORK STOCK EXCHANGE, INC.",Consumer products,A,High,BBB,High,BB,Medium,560,422,310,1292,A,High
ogn,Organon & Co,USD,"NEW YORK STOCK EXCHANGE, INC.",Pharmaceuticals,A,High,BB,Medium,BB,Medium,515,335,305,1155,BBB,High
oxy,Occidental Petroleum Corp,USD,"NEW YORK STOCK EXCHANGE, INC.",Energy,A,High,BB,Medium,BB,Medium,505,302,300,1107,BBB,High
dell,Dell Technologies Inc,USD,"NEW YORK STOCK EXCHANGE, INC.",Technology,A,High,BB,Medium,B,Medium,500,318,275,1093,BBB,High
payc,Paycom Software Inc,USD,"NEW YORK STOCK EXCHANGE, INC.",Technology,BBB,High,BB,Medium,BB,Medium,470,305,315,1090,BBB,High
peg,Public Service Enterprise Group Inc,USD,"NEW YORK STOCK EXCHANGE, INC.",Utilities,A,High,BB,Medium,B,Medium,500,300,205,1005,BBB,High
oke,ONEOK Inc,USD,"NEW YORK STOCK EXCHANGE, INC.",Energy,A,High,BB,Medium,BB,Medium,581,326,355,1262,A,High
nrg,NRG Energy Inc,USD,"NEW YORK STOCK EXCHANGE, INC.",Utilities,BB,Medium,BB,Medium,B,Medium,371,327,218,916,BBB,High
l,Loews Corp,USD,"NEW YORK STOCK EXCHANGE, INC.",Insurance,A,High,BB,Medium,BB,Medium,505,303,313,1121,BBB,High
omc,Omnicom Group Inc,USD,"NEW YORK STOCK EXCHANGE, INC.",Media,A,High,BB,Medium,BB,Medium,543,333,305,1181,BBB,High
orcl,Oracle Corp,USD,"NEW YORK STOCK EXCHANGE, INC.",Technology,A,High,BB,Medium,B,Medium,500,300,200,1000,BBB,High
o,Realty Income Corp,USD,"NEW YORK STOCK EXCHANGE, INC.",Real Estate,A,High,BB,Medium,BB,Medium,500,300,300,1100,BBB,High
dpz,Domino's Pizza Inc,USD,"NEW YORK STOCK EXCHANGE, INC.",Hotels Restaurants and Leisure,B,Medium,B,Medium,B,Medium,205,205,200,610,B,Medium
t,AT&T Inc,USD,"NEW YORK STOCK EXCHANGE, INC.",Telecommunication,B,Medium,B,Medium,BB,Medium,210,200,305,715,B,Medium
unp,Union Pacific Corp,USD,"NEW YORK STOCK EXCHANGE, INC.",Road and Rail,B,Medium,B,Medium,B,Medium,290,257,245,792,BB,Medium
nem,Newmont Corporation,USD,"NEW YORK STOCK EXCHANGE, INC.",Metals and Mining,AA,Excellent,BB,Medium,BB,Medium,675,389,355,1419,A,High
fdx,FedEx Corp,USD,"NEW YORK STOCK EXCHANGE, INC.",Logistics and Transportation,BB,Medium,B,Medium,B,Medium,335,278,255,868,BB,Medium
nke,Nike Inc,USD,"NEW YORK STOCK EXCHANGE, INC.",Textiles Apparel and Luxury Goods,B,Medium,B,Medium,B,Medium,205,275,200,680,B,Medium
f,Ford Motor Co,USD,"NEW YORK STOCK EXCHANGE, INC.",Automobiles,B,Medium,B,Medium,B,Medium,292,246,215,753,BB,Medium
lmt,Lockheed Martin Corp,USD,"NEW YORK STOCK EXCHANGE, INC.",Aerospace and Defense,A,High,BB,Medium,BB,Medium,510,324,320,1154,BBB,High
rsg,Republic Services Inc,USD,"NEW YORK STOCK EXCHANGE, INC.",Commercial Services and Supplies,B,Medium,B,Medium,B,Medium,293,235,216,744,B,Medium
enph,Enphase Energy Inc,USD,NASDAQ NMS - GLOBAL MARKET,Semiconductors,A,High,BB,Medium,BB,Medium,565,316,300,1181,BBB,High
exc,Exelon Corp,USD,NASDAQ NMS - GLOBAL MARKET,Utilities,AA,Excellent,BBB,High,BB,Medium,694,403,316,1413,A,High
expd,Expeditors International of Washington Inc,USD,NASDAQ NMS - GLOBAL MARKET,Logistics and Transportation,A,High,BB,Medium,BB,Medium,510,302,300,1112,BBB,High
expe,Expedia Group Inc,USD,NASDAQ NMS - GLOBAL MARKET,Hotels Restaurants and Leisure,B,Medium,B,Medium,BB,Medium,225,242,305,772,BB,Medium
fast,Fastenal Co,USD,NASDAQ NMS - GLOBAL MARKET,Trading Companies and Distributors,B,Medium,BB,Medium,B,Medium,230,302,200,732,B,Medium
ffiv,F5 Inc,USD,NASDAQ NMS - GLOBAL MARKET,Communications,B,Medium,B,Medium,B,Medium,200,221,215,636,B,Medium
fisv,Fiserv Inc,USD,NASDAQ NMS - GLOBAL MARKET,Technology,BB,Medium,BB,Medium,BB,Medium,395,302,310,1007,BBB,High
eqix,Equinix Inc,USD,NASDAQ NMS - GLOBAL MARKET,Real Estate,A,High,BB,Medium,BB,Medium,515,323,315,1153,BBB,High
ftnt,Fortinet Inc,USD,NASDAQ NMS - GLOBAL MARKET,Technology,A,High,BB,Medium,BB,Medium,500,306,305,1111,BBB,High
etsy,ETSY Inc,USD,NASDAQ NMS - GLOBAL MARKET,Retail,B,Medium,B,Medium,B,Medium,235,241,235,711,B,Medium
ben,Franklin Resources Inc,USD,"NEW YORK STOCK EXCHANGE, INC.",Financial Services,BB,Medium,BB,Medium,BB,Medium,321,349,310,980,BBB,High
dlr,Digital Realty Trust Inc,USD,"NEW YORK STOCK EXCHANGE, INC.",Real Estate,A,High,BB,Medium,BB,Medium,540,317,300,1157,BBB,High
dhr,Danaher Corp,USD,"NEW YORK STOCK EXCHANGE, INC.",Life Sciences Tools and Services,A,High,BB,Medium,BB,Medium,530,344,385,1259,A,High
efx,Equifax Inc,USD,"NEW YORK STOCK EXCHANGE, INC.",Professional Services,BB,Medium,BB,Medium,BB,Medium,390,300,305,995,BBB,High
el,Estee Lauder Companies Inc,USD,"NEW YORK STOCK EXCHANGE, INC.",Consumer products,A,High,BB,Medium,BB,Medium,500,300,300,1100,BBB,High
emn,Eastman Chemical Co,USD,"NEW YORK STOCK EXCHANGE, INC.",Chemicals,A,High,BB,Medium,BB,Medium,583,365,310,1258,A,High
emr,Emerson Electric Co,USD,"NEW YORK STOCK EXCHANGE, INC.",Electrical Equipment,AA,Excellent,BB,Medium,BB,Medium,605,323,315,1243,A,High
eog,EOG Resources Inc,USD,"NEW YORK STOCK EXCHANGE, INC.",Energy,A,High,B,Medium,B,Medium,550,252,240,1042,BBB,High
eqr,Equity Residential,USD,"NEW YORK STOCK EXCHANGE, INC.",Real Estate,B,Medium,B,Medium,B,Medium,235,208,210,653,B,Medium
es,Eversource Energy,USD,"NEW YORK STOCK EXCHANGE, INC.",Utilities,A,High,BBB,High,BB,Medium,576,409,310,1295,A,High
ess,Essex Property Trust Inc,USD,"NEW YORK STOCK EXCHANGE, INC.",Real Estate,BB,Medium,BB,Medium,B,Medium,377,304,210,891,BB,Medium
fitb,Fifth Third Bancorp,USD,NASDAQ NMS - GLOBAL MARKET,Banking,BB,Medium,BB,Medium,B,Medium,313,300,215,828,BB,Medium
etr,Entergy Corp,USD,"NEW YORK STOCK EXCHANGE, INC.",Utilities,AA,Excellent,BB,Medium,BB,Medium,653,380,310,1343,A,High
exr,Extra Space Storage Inc,USD,"NEW YORK STOCK EXCHANGE, INC.",Real Estate,A,High,B,Medium,B,Medium,572,289,225,1086,BBB,High
ew,Edwards Lifesciences Corp,USD,"NEW YORK STOCK EXCHANGE, INC.",Health Care,B,Medium,BB,Medium,BB,Medium,290,333,305,928,BBB,High
foxa,Fox Corp,USD,NASDAQ NMS - GLOBAL MARKET,Media,B,Medium,BB,Medium,BB,Medium,295,330,315,940,BBB,High
fcx,Freeport-McMoRan Inc,USD,"NEW YORK STOCK EXCHANGE, INC.",Metals and Mining,AA,Excellent,BB,Medium,BB,Medium,608,313,305,1226,A,High
fe,FirstEnergy Corp,USD,"NEW YORK STOCK EXCHANGE, INC.",Utilities,A,High,BB,Medium,BB,Medium,510,304,300,1114,BBB,High
flt,Fleetcor Technologies Inc,USD,"NEW YORK STOCK EXCHANGE, INC.",Technology,BBB,High,BB,Medium,BB,Medium,410,302,300,1012,BBB,High
fis,Fidelity National Information Services Inc,USD,"NEW YORK STOCK EXCHANGE, INC.",Technology,A,High,B,Medium,BB,Medium,530,298,310,1138,BBB,High
frc,First Republic Bank,USD,"NEW YORK STOCK EXCHANGE, INC.",Banking,BB,Medium,BB,Medium,B,Medium,370,331,288,989,BBB,High
fmc,FMC Corp,USD,"NEW YORK STOCK EXCHANGE, INC.",Chemicals,A,High,BB,Medium,BB,Medium,510,307,315,1132,BBB,High
frt,Federal Realty Investment Trust,USD,"NEW YORK STOCK EXCHANGE, INC.",Real Estate,A,High,BB,Medium,BB,Medium,525,302,300,1127,BBB,High
ftv,Fortive Corp,USD,"NEW YORK STOCK EXCHANGE, INC.",Machinery,A,High,BB,Medium,BB,Medium,540,326,305,1171,BBB,High
gps,Gap Inc,USD,"NEW YORK STOCK EXCHANGE, INC.",Retail,A,High,BB,Medium,BB,Medium,515,349,300,1164,BBB,High
grmn,Garmin Ltd,USD,"NEW YORK STOCK EXCHANGE, INC.",Consumer products,B,Medium,B,Medium,B,Medium,205,242,200,647,B,Medium
it,Gartner Inc,USD,"NEW YORK STOCK EXCHANGE, INC.",Technology,A,High,BB,Medium,BB,Medium,500,316,315,1131,BBB,High
lly,Eli Lilly and Co,USD,"NEW YORK STOCK EXCHANGE, INC.",Pharmaceuticals,A,High,BB,Medium,BB,Medium,510,360,310,1180,BBB,High
re,Everest Re Group Ltd,USD,"NEW YORK STOCK EXCHANGE, INC.",Insurance,A,High,B,Medium,BB,Medium,505,276,305,1086,BBB,High
evrg,Evergy Inc,USD,"NEW YORK STOCK EXCHANGE, INC.",Utilities,A,High,BB,Medium,BB,Medium,555,310,300,1165,BBB,High
fbhs,Fortune Brands Home & Security Inc,USD,"NEW YORK STOCK EXCHANGE, INC.",Building,A,High,BB,Medium,BB,Medium,510,302,300,1112,BBB,High
gild,Gilead Sciences Inc,USD,NASDAQ NMS - GLOBAL MARKET,Biotechnology,A,High,BB,Medium,BB,Medium,500,303,300,1103,BBB,High
holx,Hologic Inc,USD,NASDAQ NMS - GLOBAL MARKET,Health Care,A,High,BB,Medium,BB,Medium,515,324,315,1154,BBB,High
hsic,Henry Schein Inc,USD,NASDAQ NMS - GLOBAL MARKET,Health Care,B,Medium,B,Medium,B,Medium,210,205,200,615,B,Medium
hon,Honeywell International Inc,USD,NASDAQ NMS - GLOBAL MARKET,Industrial Conglomerates,A,High,BB,Medium,BB,Medium,545,344,308,1197,BBB,High
hst,Host Hotels & Resorts Inc,USD,NASDAQ NMS - GLOBAL MARKET,Real Estate,A,High,BB,Medium,BB,Medium,510,318,318,1146,BBB,High
gd,General Dynamics Corp,USD,"NEW YORK STOCK EXCHANGE, INC.",Aerospace and Defense,A,High,BB,Medium,BB,Medium,510,310,300,1120,BBB,High
has,Hasbro Inc,USD,NASDAQ NMS - GLOBAL MARKET,Leisure Products,B,Medium,BB,Medium,BB,Medium,255,301,300,856,BB,Medium
hban,Huntington Bancshares Inc,USD,NASDAQ NMS - GLOBAL MARKET,Banking,BB,Medium,BB,Medium,BB,Medium,308,300,300,908,BBB,High
gl,Globe Life Inc,USD,"NEW YORK STOCK EXCHANGE, INC.",Insurance,B,Medium,B,Medium,B,Medium,215,238,215,668,B,Medium
gpc,Genuine Parts Co,USD,"NEW YORK STOCK EXCHANGE, INC.",Distributors,A,High,B,Medium,BB,Medium,535,225,305,1065,BBB,High
gnrc,Generac Holdings Inc,USD,"NEW YORK STOCK EXCHANGE, INC.",Electrical Equipment,A,High,BB,Medium,B,Medium,535,311,250,1096,BBB,High
gpn,Global Payments Inc,USD,"NEW YORK STOCK EXCHANGE, INC.",Technology,BB,Medium,BB,Medium,B,Medium,310,343,265,918,BBB,High
hca,HCA Healthcare Inc,USD,"NEW YORK STOCK EXCHANGE, INC.",Health Care,A,High,BB,Medium,BB,Medium,520,348,305,1173,BBB,High
hbi,HanesBrands Inc,USD,"NEW YORK STOCK EXCHANGE, INC.",Textiles Apparel and Luxury Goods,BB,Medium,B,Medium,BB,Medium,310,223,305,838,BB,Medium
hii,Huntington Ingalls Industries Inc,USD,"NEW YORK STOCK EXCHANGE, INC.",Aerospace and Defense,A,High,BB,Medium,BB,Medium,545,315,315,1175,BBB,High
hpe,Hewlett Packard Enterprise Co,USD,"NEW YORK STOCK EXCHANGE, INC.",Technology,B,Medium,BB,Medium,B,Medium,230,359,230,819,BB,Medium
hes,Hess Corp,USD,"NEW YORK STOCK EXCHANGE, INC.",Energy,A,High,BB,Medium,BB,Medium,535,300,305,1140,BBB,High
hlt,Hilton Worldwide Holdings Inc,USD,"NEW YORK STOCK EXCHANGE, INC.",Hotels Restaurants and Leisure,B,Medium,B,Medium,B,Medium,293,200,205,698,B,Medium
hrl,Hormel Foods Corp,USD,"NEW YORK STOCK EXCHANGE, INC.",Food Products,A,High,BB,Medium,BB,Medium,570,322,300,1192,BBB,High
hpq,HP Inc,USD,"NEW YORK STOCK EXCHANGE, INC.",Technology,B,Medium,B,Medium,B,Medium,245,211,200,656,B,Medium
hum,Humana Inc,USD,"NEW YORK STOCK EXCHANGE, INC.",Health Care,BBB,High,BB,Medium,BB,Medium,462,300,300,1062,BBB,High
hwm,Howmet Aerospace Inc,USD,"NEW YORK STOCK EXCHANGE, INC.",Aerospace and Defense,A,High,BB,Medium,BB,Medium,525,315,320,1160,BBB,High
peak,Healthpeak Properties Inc,USD,"NEW YORK STOCK EXCHANGE, INC.",Real Estate,A,High,BB,Medium,BB,Medium,535,331,335,1201,A,High
gis,General Mills Inc,USD,"NEW YORK STOCK EXCHANGE, INC.",Food Products,A,High,BB,Medium,BB,Medium,585,326,365,1276,A,High
ge,General Electric Co,USD,"NEW YORK STOCK EXCHANGE, INC.",Industrial Conglomerates,A,High,BB,Medium,BB,Medium,533,300,300,1133,BBB,High
spot,Spotify Technology SA,EUR,"NEW YORK STOCK EXCHANGE, INC.",Media,A,High,B,Medium,B,Medium,500,283,255,1038,BBB,High
trtn,Triton International Ltd,USD,"NEW YORK STOCK EXCHANGE, INC.",Trading Companies and Distributors,BBB,High,BB,Medium,BB,Medium,477,306,300,1083,BBB,High
trtx,TPG RE Finance Trust Inc,USD,"NEW YORK STOCK EXCHANGE, INC.",Real Estate,B,Medium,B,Medium,BB,Medium,230,239,300,769,BB,Medium
tru,TransUnion,USD,"NEW YORK STOCK EXCHANGE, INC.",Professional Services,A,High,BB,Medium,BB,Medium,510,313,310,1133,BBB,High
yeti,Yeti Holdings Inc,USD,"NEW YORK STOCK EXCHANGE, INC.",Leisure Products,B,Medium,B,Medium,BB,Medium,269,253,305,827,BB,Medium
yelp,Yelp Inc,USD,"NEW YORK STOCK EXCHANGE, INC.",Media,B,Medium,A,High,B,Medium,245,515,213,973,BBB,High
yext,Yext Inc,USD,"NEW YORK STOCK EXCHANGE, INC.",Technology,BB,Medium,BB,Medium,BB,Medium,325,314,310,949,BBB,High
spr,Spirit AeroSystems Holdings Inc,USD,"NEW YORK STOCK EXCHANGE, INC.",Aerospace and Defense,A,High,BB,Medium,BB,Medium,515,337,300,1152,BBB,High
ysg,Yatsen Holding Ltd,CNY,"NEW YORK STOCK EXCHANGE, INC.",Consumer products,BB,Medium,B,Medium,BB,Medium,355,217,325,897,BB,Medium
yrd,Yiren Digital Ltd,CNY,"NEW YORK STOCK EXCHANGE, INC.",Financial Services,B,Medium,B,Medium,B,Medium,200,205,205,610,B,Medium
yumc,Yum China Holdings Inc,USD,"NEW YORK STOCK EXCHANGE, INC.",Hotels Restaurants and Leisure,B,Medium,B,Medium,B,Medium,205,217,220,642,B,Medium
trox,Tronox Holdings PLC,USD,"NEW YORK STOCK EXCHANGE, INC.",Chemicals,A,High,BB,Medium,BB,Medium,503,320,300,1123,BBB,High
zepp,Zepp Health Corp,CNY,"NEW YORK STOCK EXCHANGE, INC.",Electrical Equipment,B,Medium,B,Medium,B,Medium,202,210,295,707,B,Medium
zev,Lightning eMotors Inc,USD,"NEW YORK STOCK EXCHANGE, INC.",Machinery,A,High,BB,Medium,B,Medium,535,391,240,1166,BBB,High
zuo,Zuora Inc,USD,"NEW YORK STOCK EXCHANGE, INC.",Technology,B,Medium,B,Medium,B,Medium,240,234,200,674,B,Medium
zim,ZIM Integrated Shipping Services Ltd,USD,"NEW YORK STOCK EXCHANGE, INC.",Marine,BB,Medium,BB,Medium,BB,Medium,329,351,320,1000,BBB,High
zyme,Zymeworks Inc,USD,"NEW YORK STOCK EXCHANGE, INC.",Biotechnology,B,Medium,BB,Medium,BB,Medium,240,326,305,871,BB,Medium
zws,Zurn Elkay Water Solutions Corp,USD,"NEW YORK STOCK EXCHANGE, INC.",Building,A,High,BB,Medium,BB,Medium,500,300,300,1100,BBB,High
you,Clear Secure Inc,USD,"NEW YORK STOCK EXCHANGE, INC.",Technology,A,High,B,Medium,B,Medium,515,278,205,998,BBB,High
zen,Zendesk Inc,USD,"NEW YORK STOCK EXCHANGE, INC.",Technology,A,High,BB,Medium,BB,Medium,515,338,320,1173,BBB,High
plxs,Plexus Corp,USD,NASDAQ NMS - GLOBAL MARKET,Electrical Equipment,A,High,BB,Medium,BB,Medium,510,300,300,1110,BBB,High
ship,Seanergy Maritime Holdings Corp,USD,NASDAQ NMS - GLOBAL MARKET,Marine,BB,Medium,BB,Medium,BB,Medium,345,300,305,950,BBB,High
shls,Shoals Technologies Group Inc,USD,NASDAQ NMS - GLOBAL MARKET,Electrical Equipment,B,Medium,B,Medium,BB,Medium,285,280,300,865,BB,Medium
shoo,Steven Madden Ltd,USD,NASDAQ NMS - GLOBAL MARKET,Textiles Apparel and Luxury Goods,A,High,B,Medium,BB,Medium,508,231,300,1039,BBB,High
shyf,Shyft Group Inc,USD,NASDAQ NMS - GLOBAL MARKET,Machinery,A,High,BB,Medium,B,Medium,510,303,275,1088,BBB,High
sibn,SI-BONE Inc,USD,NASDAQ NMS - GLOBAL MARKET,Health Care,B,Medium,B,Medium,B,Medium,220,228,210,658,B,Medium
sieb,Siebert Financial Corp,USD,NASDAQ NMS - GLOBAL MARKET,Financial Services,BB,Medium,B,Medium,B,Medium,300,299,235,834,BB,Medium
plya,Playa Hotels & Resorts NV,USD,NASDAQ NMS - GLOBAL MARKET,Hotels Restaurants and Leisure,B,Medium,B,Medium,B,Medium,210,200,205,615,B,Medium
wwe,World Wrestling Entertainment Inc,USD,"NEW YORK STOCK EXCHANGE, INC.",Media,B,Medium,BB,Medium,BB,Medium,275,332,315,922,BBB,High
pmcb,PharmaCyte Biotech Inc,USD,NASDAQ NMS - GLOBAL MARKET,Biotechnology,B,Medium,B,Medium,BB,Medium,220,202,300,722,B,Medium
www,Wolverine World Wide Inc,USD,"NEW YORK STOCK EXCHANGE, INC.",Textiles Apparel and Luxury Goods,BB,Medium,B,Medium,BB,Medium,390,298,308,996,BBB,High
xhr,Xenia Hotels & Resorts Inc,USD,"NEW YORK STOCK EXCHANGE, INC.",Real Estate,B,Medium,B,Medium,B,Medium,260,263,236,759,BB,Medium
x,United States Steel Corp,USD,"NEW YORK STOCK EXCHANGE, INC.",Metals and Mining,A,High,BB,Medium,BB,Medium,535,364,300,1199,BBB,High
xpev,Xpeng Inc,CNY,"NEW YORK STOCK EXCHANGE, INC.",Automobiles,B,Medium,B,Medium,B,Medium,215,208,200,623,B,Medium
xpo,XPO Logistics Inc,USD,"NEW YORK STOCK EXCHANGE, INC.",Road and Rail,A,High,BB,Medium,BB,Medium,560,318,300,1178,BBB,High
xin,Xinyuan Real Estate Co Ltd,USD,"NEW YORK STOCK EXCHANGE, INC.",Real Estate,B,Medium,B,Medium,BB,Medium,205,242,300,747,B,Medium
xl,XL Fleet Corp,USD,"NEW YORK STOCK EXCHANGE, INC.",Auto Components,B,Medium,B,Medium,B,Medium,200,200,200,600,B,Medium
xyf,X Financial,CNY,"NEW YORK STOCK EXCHANGE, INC.",Financial Services,B,Medium,B,Medium,B,Medium,215,205,200,620,B,Medium
y,Alleghany Corp,USD,"NEW YORK STOCK EXCHANGE, INC.",Insurance,B,Medium,B,Medium,BB,Medium,215,240,300,755,BB,Medium
yala,Yalla Group Ltd,USD,"NEW YORK STOCK EXCHANGE, INC.",Media,B,Medium,B,Medium,B,Medium,233,244,220,697,B,Medium
wts,Watts Water Technologies Inc,USD,"NEW YORK STOCK EXCHANGE, INC.",Machinery,BBB,High,BB,Medium,B,Medium,420,303,210,933,BBB,High
sien,Sientra Inc,USD,NASDAQ NMS - GLOBAL MARKET,Health Care,B,Medium,BB,Medium,B,Medium,219,308,236,763,BB,Medium
hain,Hain Celestial Group Inc,USD,NASDAQ NMS - GLOBAL MARKET,Food Products,A,High,BB,Medium,BB,Medium,520,302,305,1127,BBB,High
mtc,MMTEC Inc,USD,NASDAQ NMS - GLOBAL MARKET,Technology,B,Medium,B,Medium,BB,Medium,221,225,305,751,BB,Medium
mtcr,Metacrine Inc,USD,NASDAQ NMS - GLOBAL MARKET,Biotechnology,B,Medium,B,Medium,BB,Medium,210,207,330,747,B,Medium
mtem,Molecular Templates Inc,USD,NASDAQ NMS - GLOBAL MARKET,Biotechnology,BB,Medium,BB,Medium,BB,Medium,360,325,320,1005,BBB,High
mtls,Materialise NV,EUR,NASDAQ NMS - GLOBAL MARKET,Technology,A,High,BB,Medium,BB,Medium,505,301,300,1106,BBB,High
mtex,Mannatech Inc,USD,NASDAQ NMS - GLOBAL MARKET,Consumer products,B,Medium,B,Medium,B,Medium,200,260,230,690,B,Medium
mtrx,Matrix Service Co,USD,NASDAQ NMS - GLOBAL MARKET,Construction,A,High,BB,Medium,B,Medium,589,390,277,1256,A,High
halo,Halozyme Therapeutics Inc,USD,NASDAQ NMS - GLOBAL MARKET,Biotechnology,A,High,BB,Medium,BB,Medium,510,302,315,1127,BBB,High
hall,Hallmark Financial Services Inc,USD,NASDAQ NMS - GLOBAL MARKET,Insurance,B,Medium,B,Medium,BB,Medium,215,233,300,748,B,Medium
mvbf,MVB Financial Corp,USD,NASDAQ NMS - GLOBAL MARKET,Banking,B,Medium,B,Medium,B,Medium,210,215,215,640,B,Medium
mvst,Microvast Holdings Inc,USD,NASDAQ NMS - GLOBAL MARKET,Machinery,B,Medium,B,Medium,B,Medium,225,282,210,717,B,Medium
mvis,MicroVision Inc,USD,NASDAQ NMS - GLOBAL MARKET,Electrical Equipment,BBB,High,BB,Medium,BB,Medium,451,300,330,1081,BBB,High
mxct,MaxCyte Inc,USD,NASDAQ NMS - GLOBAL MARKET,Life Sciences Tools and Services,B,Medium,BB,Medium,B,Medium,220,300,248,768,BB,Medium
mygn,Myriad Genetics Inc,USD,NASDAQ NMS - GLOBAL MARKET,Biotechnology,BB,Medium,BB,Medium,B,Medium,353,321,294,968,BBB,High
myfw,First Western Financial Inc,USD,NASDAQ NMS - GLOBAL MARKET,Banking,BB,Medium,BB,Medium,B,Medium,351,300,235,886,BB,Medium
mxl,Maxlinear Inc,USD,NASDAQ NMS - GLOBAL MARKET,Semiconductors,A,High,BB,Medium,BB,Medium,535,325,335,1195,BBB,High
mymd,MyMD Pharmaceuticals Inc,USD,NASDAQ NMS - GLOBAL MARKET,Pharmaceuticals,B,Medium,B,Medium,B,Medium,205,257,230,692,B,Medium
myps,Playstudios Inc,USD,NASDAQ NMS - GLOBAL MARKET,Media,B,Medium,B,Medium,B,Medium,205,202,200,607,B,Medium
mttr,Matterport Inc,USD,NASDAQ NMS - GLOBAL MARKET,Technology,BB,Medium,BB,Medium,B,Medium,346,325,260,931,BBB,High
mtsi,MACOM Technology Solutions Holdings Inc,USD,NASDAQ NMS - GLOBAL MARKET,Semiconductors,BB,Medium,BB,Medium,B,Medium,377,309,255,941,BBB,High
clro,Clearone Inc,USD,NASDAQ NMS - GLOBAL MARKET,Communications,BB,Medium,B,Medium,B,Medium,370,228,210,808,BB,Medium
clsn,Celsion Corp,USD,NASDAQ NMS - GLOBAL MARKET,Biotechnology,B,Medium,B,Medium,BB,Medium,255,214,300,769,BB,Medium
gure,Gulf Resources Inc,USD,NASDAQ NMS - GLOBAL MARKET,Chemicals,BBB,High,B,Medium,BB,Medium,408,206,300,914,BBB,High
gvp,GSE Systems Inc,USD,NASDAQ NMS - GLOBAL MARKET,Technology,A,High,BB,Medium,B,Medium,505,307,245,1057,BBB,High
gyro,Gyrodyne LLC,USD,NASDAQ NMS - GLOBAL MARKET,Real Estate,B,Medium,B,Medium,B,Medium,240,206,240,686,B,Medium
gwrs,Global Water Resources Inc,USD,NASDAQ NMS - GLOBAL MARKET,Utilities,BB,Medium,B,Medium,B,Medium,367,297,235,899,BB,Medium
ha,Hawaiian Holdings Inc,USD,NASDAQ NMS - GLOBAL MARKET,Airlines,B,Medium,BB,Medium,B,Medium,200,321,200,721,B,Medium
clsk,CleanSpark Inc,USD,NASDAQ NMS - GLOBAL MARKET,Technology,A,High,BB,Medium,BB,Medium,570,326,310,1206,A,High
clsd,Clearside Biomedical Inc,USD,NASDAQ NMS - GLOBAL MARKET,Pharmaceuticals,B,Medium,B,Medium,B,Medium,215,230,200,645,B,Medium
haac,Health Assurance Acquisition Corp,USD,NASDAQ NMS - GLOBAL MARKET,Pharmaceuticals,B,Medium,B,Medium,BB,Medium,200,258,300,758,BB,Medium
hafc,Hanmi Financial Corp,USD,NASDAQ NMS - GLOBAL MARKET,Banking,B,Medium,B,Medium,B,Medium,250,207,233,690,B,Medium
clst,Catalyst Bancorp Inc,USD,NASDAQ NMS - GLOBAL MARKET,Financial Services,B,Medium,BB,Medium,B,Medium,260,350,267,877,BB,Medium
clwt,Euro Tech Holdings Company Ltd,USD,NASDAQ NMS - GLOBAL MARKET,Trading Companies and Distributors,B,Medium,B,Medium,B,Medium,230,201,210,641,B,Medium
clxt,Calyxt Inc,USD,NASDAQ NMS - GLOBAL MARKET,Biotechnology,A,High,BB,Medium,BB,Medium,535,322,325,1182,BBB,High
cmbm,Cambium Networks Corp,USD,NASDAQ NMS - GLOBAL MARKET,Communications,A,High,BB,Medium,BB,Medium,505,337,300,1142,BBB,High
cmco,Columbus McKinnon Corp,USD,NASDAQ NMS - GLOBAL MARKET,Machinery,B,Medium,BB,Medium,B,Medium,200,323,240,763,BB,Medium
evk,Ever-Glory International Group Inc,USD,NASDAQ NMS - GLOBAL MARKET,Textiles Apparel and Luxury Goods,B,Medium,B,Medium,B,Medium,200,211,210,621,B,Medium
clvs,Clovis Oncology Inc,USD,NASDAQ NMS - GLOBAL MARKET,Biotechnology,B,Medium,B,Medium,BB,Medium,225,212,300,737,B,Medium
clvr,Clever Leaves Holdings Inc,USD,NASDAQ NMS - GLOBAL MARKET,Pharmaceuticals,B,Medium,B,Medium,B,Medium,225,243,205,673,B,Medium
happ,Happiness Development Group Ltd,USD,NASDAQ NMS - GLOBAL MARKET,Consumer products,B,Medium,B,Medium,BB,Medium,225,207,300,732,B,Medium
hbcp,Home Bancorp Inc,USD,NASDAQ NMS - GLOBAL MARKET,Financial Services,B,Medium,B,Medium,B,Medium,230,202,200,632,B,Medium
hbio,Harvard Bioscience Inc,USD,NASDAQ NMS - GLOBAL MARKET,Life Sciences Tools and Services,B,Medium,B,Medium,BB,Medium,250,221,300,771,BB,Medium
hbnc,Horizon Bancorp Inc,USD,NASDAQ NMS - GLOBAL MARKET,Banking,B,Medium,BB,Medium,B,Medium,255,321,233,809,BB,Medium
hbt,HBT Financial Inc,USD,NASDAQ NMS - GLOBAL MARKET,Banking,B,Medium,B,Medium,BB,Medium,245,275,300,820,BB,Medium
hcat,Health Catalyst Inc,USD,NASDAQ NMS - GLOBAL MARKET,Health Care,A,High,BB,Medium,BB,Medium,545,324,320,1189,BBB,High
hcar,Healthcare Services Acquisition Corp,USD,NASDAQ NMS - GLOBAL MARKET,Pharmaceuticals,B,Medium,B,Medium,BB,Medium,245,205,300,750,BB,Medium
harp,Harpoon Therapeutics Inc,USD,NASDAQ NMS - GLOBAL MARKET,Biotechnology,BBB,High,BB,Medium,BB,Medium,485,300,310,1095,BBB,High
hayn,Haynes International Inc,USD,NASDAQ NMS - GLOBAL MARKET,Metals and Mining,A,High,BB,Medium,BB,Medium,500,301,300,1101,BBB,High
pnbk,Patriot National Bancorp Inc,USD,NASDAQ NMS - GLOBAL MARKET,Banking,B,Medium,BB,Medium,B,Medium,205,302,210,717,B,Medium
hcdi,Harbor Custom Development Inc,USD,NASDAQ NMS - GLOBAL MARKET,Consumer products,B,Medium,B,Medium,B,Medium,222,221,208,651,B,Medium
hcci,Heritage-Crystal Clean Inc,USD,NASDAQ NMS - GLOBAL MARKET,Commercial Services and Supplies,A,High,BBB,High,BB,Medium,525,400,300,1225,A,High
pnfp,Pinnacle Financial Partners Inc,USD,NASDAQ NMS - GLOBAL MARKET,Banking,B,Medium,BB,Medium,B,Medium,271,328,250,849,BB,Medium
pnt,POINT Biopharma Global Inc,USD,NASDAQ NMS - GLOBAL MARKET,Biotechnology,BB,Medium,B,Medium,B,Medium,320,221,285,826,BB,Medium
poai,Predictive Oncology Inc,USD,NASDAQ NMS - GLOBAL MARKET,Health Care,B,Medium,B,Medium,B,Medium,278,297,220,795,BB,Medium
pola,Polar Power Inc,USD,NASDAQ NMS - GLOBAL MARKET,Electrical Equipment,B,Medium,B,Medium,B,Medium,200,200,200,600,B,Medium
podd,Insulet Corp,USD,NASDAQ NMS - GLOBAL MARKET,Health Care,B,Medium,B,Medium,B,Medium,215,233,205,653,B,Medium
powi,Power Integrations Inc,USD,NASDAQ NMS - GLOBAL MARKET,Semiconductors,A,High,B,Medium,BB,Medium,575,285,305,1165,BBB,High
poww,Ammo Inc,USD,NASDAQ NMS - GLOBAL MARKET,Leisure Products,B,Medium,B,Medium,B,Medium,233,224,200,657,B,Medium
pnrg,Primeenergy Resources Corp,USD,NASDAQ NMS - GLOBAL MARKET,Energy,B,Medium,B,Medium,B,Medium,200,200,260,660,B,Medium
pntg,Pennant Group Inc,USD,NASDAQ NMS - GLOBAL MARKET,Health Care,B,Medium,BB,Medium,B,Medium,245,306,200,751,BB,Medium
ppbi,Pacific Premier Bancorp Inc,USD,NASDAQ NMS - GLOBAL MARKET,Banking,A,High,BB,Medium,BB,Medium,565,328,315,1208,A,High
ppih,Perma-Pipe International Holdings Inc,USD,NASDAQ NMS - GLOBAL MARKET,Machinery,A,High,B,Medium,BB,Medium,500,260,300,1060,BBB,High
ppc,Pilgrims Pride Corp,USD,NASDAQ NMS - GLOBAL MARKET,Food Products,A,High,BB,Medium,B,Medium,500,302,220,1022,BBB,High
praa,PRA Group Inc,USD,NASDAQ NMS - GLOBAL MARKET,Financial Services,BBB,High,BB,Medium,BB,Medium,473,321,310,1104,BBB,High
ppsi,Pioneer Power Solutions Inc,USD,NASDAQ NMS - GLOBAL MARKET,Electrical Equipment,B,Medium,BB,Medium,BB,Medium,299,305,315,919,BBB,High
prax,Praxis Precision Medicines Inc,USD,NASDAQ NMS - GLOBAL MARKET,Biotechnology,B,Medium,B,Medium,B,Medium,200,215,215,630,B,Medium
prct,Procept Biorobotics Corp,USD,NASDAQ NMS - GLOBAL MARKET,Health Care,B,Medium,B,Medium,BB,Medium,200,224,300,724,B,Medium
prch,Porch Group Inc,USD,NASDAQ NMS - GLOBAL MARKET,Retail,B,Medium,B,Medium,B,Medium,225,227,215,667,B,Medium
pre,Artisan Acquisition Corp,USD,NASDAQ NMS - GLOBAL MARKET,Retail,B,Medium,B,Medium,B,Medium,245,203,265,713,B,Medium
prdo,Perdoceo Education Corp,USD,NASDAQ NMS - GLOBAL MARKET,Diversified Consumer Services,BB,Medium,B,Medium,B,Medium,365,297,250,912,BBB,High
sisi,Shineco Inc,USD,NASDAQ NMS - GLOBAL MARKET,Consumer products,BB,Medium,BB,Medium,BB,Medium,340,346,305,991,BBB,High
sitm,SiTime Corp,USD,NASDAQ NMS - GLOBAL MARKET,Semiconductors,A,High,BB,Medium,BB,Medium,505,304,300,1109,BBB,High
siri,Sirius XM Holdings Inc,USD,NASDAQ NMS - GLOBAL MARKET,Media,B,Medium,BB,Medium,B,Medium,240,302,205,747,B,Medium
sj,Scienjoy Holding Corp,CNY,NASDAQ NMS - GLOBAL MARKET,Media,B,Medium,BB,Medium,B,Medium,260,320,240,820,BB,Medium
pow,Powered Brands,USD,NASDAQ NMS - GLOBAL MARKET,Electrical Equipment,B,Medium,B,Medium,B,Medium,235,231,250,716,B,Medium
powl,Powell Industries Inc,USD,NASDAQ NMS - GLOBAL MARKET,Electrical Equipment,A,High,B,Medium,B,Medium,500,240,215,955,BBB,High
upwk,Upwork Inc,USD,NASDAQ NMS - GLOBAL MARKET,Professional Services,B,Medium,B,Medium,B,Medium,275,264,278,817,BB,Medium
usak,USA Truck Inc,USD,NASDAQ NMS - GLOBAL MARKET,Road and Rail,A,High,BB,Medium,BB,Medium,532,311,303,1146,BBB,High
usau,US Gold Corp,USD,NASDAQ NMS - GLOBAL MARKET,Metals and Mining,BBB,High,B,Medium,BB,Medium,400,240,300,940,BBB,High
usap,Universal Stainless & Alloy Products Inc,USD,NASDAQ NMS - GLOBAL MARKET,Metals and Mining,B,Medium,B,Medium,B,Medium,238,231,200,669,B,Medium
useg,US Energy Corp,USD,NASDAQ NMS - GLOBAL MARKET,Energy,BBB,High,B,Medium,BB,Medium,438,265,315,1018,BBB,High
usio,Usio Inc,USD,NASDAQ NMS - GLOBAL MARKET,Technology,B,Medium,B,Medium,B,Medium,285,245,240,770,BB,Medium
uthr,United Therapeutics Corp,USD,NASDAQ NMS - GLOBAL MARKET,Biotechnology,B,Medium,B,Medium,BB,Medium,233,259,300,792,BB,Medium
urgn,Urogen Pharma Ltd,USD,NASDAQ NMS - GLOBAL MARKET,Biotechnology,B,Medium,B,Medium,B,Medium,210,251,290,751,BB,Medium
urbn,Urban Outfitters Inc,USD,NASDAQ NMS - GLOBAL MARKET,Retail,BB,Medium,BB,Medium,BB,Medium,335,300,300,935,BBB,High
utme,Utime Ltd,CNY,NASDAQ NMS - GLOBAL MARKET,Electrical Equipment,B,Medium,B,Medium,B,Medium,217,200,200,617,B,Medium
utrs,Minerva Surgical Inc,USD,NASDAQ NMS - GLOBAL MARKET,Health Care,B,Medium,B,Medium,B,Medium,205,201,210,616,B,Medium
utsi,UTStarcom Holdings Corp,USD,NASDAQ NMS - GLOBAL MARKET,Communications,BB,Medium,BB,Medium,BB,Medium,340,310,365,1015,BBB,High
uxin,Uxin Ltd,CNY,NASDAQ NMS - GLOBAL MARKET,Retail,B,Medium,B,Medium,B,Medium,203,202,225,630,B,Medium
uvsp,Univest Financial Corp,USD,NASDAQ NMS - GLOBAL MARKET,Banking,BB,Medium,BB,Medium,BB,Medium,331,322,305,958,BBB,High
cmcm,Cheetah Mobile Inc,CNY,"NEW YORK STOCK EXCHANGE, INC.",Technology,B,Medium,B,Medium,B,Medium,205,214,215,634,B,Medium
cmc,Commercial Metals Co,USD,"NEW YORK STOCK EXCHANGE, INC.",Metals and Mining,B,Medium,B,Medium,B,Medium,223,212,200,635,B,Medium
uslm,United States Lime & Minerals Inc,USD,NASDAQ NMS - GLOBAL MARKET,Construction,A,High,B,Medium,BB,Medium,500,233,300,1033,BBB,High
utmd,Utah Medical Products Inc,USD,NASDAQ NMS - GLOBAL MARKET,Health Care,B,Medium,B,Medium,B,Medium,240,236,250,726,B,Medium
cmp,Compass Minerals International Inc,USD,"NEW YORK STOCK EXCHANGE, INC.",Metals and Mining,A,High,BB,Medium,BB,Medium,505,302,320,1127,BBB,High
cnd,Concord Acquisition Corp,USD,"NEW YORK STOCK EXCHANGE, INC.",Financial Services,B,Medium,B,Medium,BB,Medium,205,257,300,762,BB,Medium
cnf,CNFinance Holdings Ltd,CNY,"NEW YORK STOCK EXCHANGE, INC.",Financial Services,B,Medium,B,Medium,B,Medium,200,200,220,620,B,Medium
cnmd,Conmed Corp,USD,"NEW YORK STOCK EXCHANGE, INC.",Health Care,BBB,High,BB,Medium,B,Medium,441,300,270,1011,BBB,High
cnk,Cinemark Holdings Inc,USD,"NEW YORK STOCK EXCHANGE, INC.",Media,BB,Medium,BB,Medium,BB,Medium,330,300,300,930,BBB,High
cnne,Cannae Holdings Inc,USD,"NEW YORK STOCK EXCHANGE, INC.",Financial Services,B,Medium,B,Medium,B,Medium,215,203,203,621,B,Medium
cno,CNO Financial Group Inc,USD,"NEW YORK STOCK EXCHANGE, INC.",Insurance,A,High,BB,Medium,BB,Medium,500,322,315,1137,BBB,High
cna,CNA Financial Corp,USD,"NEW YORK STOCK EXCHANGE, INC.",Insurance,A,High,BB,Medium,BB,Medium,540,329,340,1209,A,High
cmre,Costamare Inc,USD,"NEW YORK STOCK EXCHANGE, INC.",Marine,B,Medium,B,Medium,B,Medium,242,204,200,646,B,Medium
gva,Granite Construction Inc,USD,"NEW YORK STOCK EXCHANGE, INC.",Construction,B,Medium,B,Medium,B,Medium,200,200,200,600,B,Medium
fn,Fabrinet,USD,"NEW YORK STOCK EXCHANGE, INC.",Electrical Equipment,A,High,B,Medium,B,Medium,510,209,210,929,BBB,High
h,Hyatt Hotels Corp,USD,"NEW YORK STOCK EXCHANGE, INC.","Hotels, Restaurants & Leisure",B,Medium,B,Medium,B,Medium,235,209,205,649,B,Medium
hasi,Hannon Armstrong Sustainable Infrastructure Capital Inc,USD,"NEW YORK STOCK EXCHANGE, INC.",Real Estate,AA,Excellent,BBB,High,BB,Medium,646,404,313,1363,A,High
hayw,Hayward Holdings Inc,USD,"NEW YORK STOCK EXCHANGE, INC.",Building,A,High,BB,Medium,BB,Medium,535,305,300,1140,BBB,High
hbb,Hamilton Beach Brands Holding Co,USD,"NEW YORK STOCK EXCHANGE, INC.",Consumer products,B,Medium,B,Medium,B,Medium,245,272,230,747,B,Medium
hcc,Warrior Met Coal Inc,USD,"NEW YORK STOCK EXCHANGE, INC.",Metals & Mining,B,Medium,B,Medium,B,Medium,215,200,200,615,B,Medium
hci,Hci Group Inc,USD,"NEW YORK STOCK EXCHANGE, INC.",Insurance,B,Medium,B,Medium,BB,Medium,205,260,300,765,BB,Medium
he,Hawaiian Electric Industries Inc,USD,"NEW YORK STOCK EXCHANGE, INC.",Utilities,A,High,BB,Medium,BB,Medium,585,348,310,1243,A,High
gwre,Guidewire Software Inc,USD,"NEW YORK STOCK EXCHANGE, INC.",Technology,A,High,BB,Medium,BB,Medium,549,321,330,1200,A,High
hae,Haemonetics Corp,USD,"NEW YORK STOCK EXCHANGE, INC.",Health Care,BBB,High,BB,Medium,BB,Medium,448,303,305,1056,BBB,High
hep,Holly Energy Partners LP,USD,"NEW YORK STOCK EXCHANGE, INC.",Energy ,A,High,B,Medium,B,Medium,511,225,215,951,BBB,High
hgv,Hilton Grand Vacations Inc,USD,"NEW YORK STOCK EXCHANGE, INC.","Hotels, Restaurants & Leisure",BB,Medium,B,Medium,B,Medium,305,288,250,843,BB,Medium
hi,Hillenbrand Inc,USD,"NEW YORK STOCK EXCHANGE, INC.",Machinery,BBB,High,BB,Medium,BB,Medium,489,349,300,1138,BBB,High
hhc,Howard Hughes Corp,USD,"NEW YORK STOCK EXCHANGE, INC.",Real Estate,A,High,BB,Medium,BB,Medium,500,300,300,1100,BBB,High
hubs,HubSpot Inc,USD,"NEW YORK STOCK EXCHANGE, INC.",Technology,BBB,High,BB,Medium,BB,Medium,480,329,320,1129,BBB,High
hesm,Hess Midstream LP,USD,"NEW YORK STOCK EXCHANGE, INC.",Energy ,BB,Medium,B,Medium,B,Medium,307,257,255,819,BB,Medium
hei,HEICO Corp,USD,"NEW YORK STOCK EXCHANGE, INC.",Aerospace & Defense,B,Medium,B,Medium,B,Medium,225,203,205,633,B,Medium
